PLAYER_ID,PLAYER_NAME,NICKNAME,TEAM_ID,TEAM_ABBREVIATION,AGE,GP,W,L,W_PCT,MIN,FGM,FGA,FG_PCT,FG3M,FG3A,FG3_PCT,FTM,FTA,FT_PCT,OREB,DREB,REB,AST,TOV,STL,BLK,BLKA,PF,PFD,PTS,PLUS_MINUS,NBA_FANTASY_PTS,DD2,TD3,WNBA_FANTASY_PTS,FP_HIGH_SCORE,GP_RANK,W_RANK,L_RANK,W_PCT_RANK,MIN_RANK,FGM_RANK,FGA_RANK,FG_PCT_RANK,FG3M_RANK,FG3A_RANK,FG3_PCT_RANK,FTM_RANK,FTA_RANK,FT_PCT_RANK,OREB_RANK,DREB_RANK,REB_RANK,AST_RANK,TOV_RANK,STL_RANK,BLK_RANK,BLKA_RANK,PF_RANK,PFD_RANK,PTS_RANK,PLUS_MINUS_RANK,NBA_FANTASY_PTS_RANK,DD2_RANK,TD3_RANK,WNBA_FANTASY_PTS_RANK,FP_HIGH_SCORE_RANK,TEAM_COUNT
1630639,A.J. Lawson,A.J.,1610612761,TOR,25.0,11,6,5,0.545,10.6,1.6,3.4,0.486,1.0,2.1,0.478,0.5,0.8,0.556,0.2,1.6,1.8,0.4,0.2,0.7,0.1,0.2,1.1,0.6,4.7,2.0,9.7,0,0,9.5,9.7,370,279,336,268,436,408,411,203,250,323,27,413,374,449,471,363,408,489,497,235,420,384,391,406,396,151,415,200,23,414,425,1
1631260,AJ Green,AJ,1610612749,MIL,26.0,29,9,20,0.31,27.2,3.1,7.8,0.396,2.8,7.0,0.397,0.9,1.0,0.929,0.6,2.3,2.9,1.8,1.2,0.4,0.1,0.1,2.2,1.2,9.9,-5.6,16.5,0,0,18.5,18.0,1,221,12,377,137,273,220,426,25,35,141,310,349,55,315,275,303,245,215,370,412,426,140,299,229,436,309,200,23,262,303,1
1642358,AJ Johnson,AJ,1610612742,DAL,21.0,20,4,16,0.2,11.4,1.5,4.4,0.341,0.3,1.5,0.167,1.3,1.4,0.893,0.3,0.9,1.2,1.2,0.6,0.2,0.2,0.5,0.8,0.9,4.5,-2.1,8.1,0,0,7.8,9.1,228,337,50,434,425,415,368,486,406,365,438,230,270,86,424,461,464,343,381,455,371,161,449,353,403,333,440,200,23,438,436,1
203932,Aaron Gordon,Aaron,1610612743,DEN,30.0,13,10,3,0.769,27.9,4.5,9.6,0.472,1.5,4.0,0.365,3.0,4.2,0.722,1.6,3.5,5.2,2.9,1.1,0.4,0.5,0.4,1.8,3.2,13.5,6.3,25.6,1,0,24.8,27.1,345,192,405,74,123,147,151,240,165,174,199,65,55,332,87,142,114,144,223,382,168,239,231,62,122,48,144,106,23,133,145,1
1628988,Aaron Holiday,Aaron,1610612745,HOU,29.0,22,16,6,0.727,14.4,1.8,4.1,0.44,1.1,2.8,0.403,0.3,0.4,0.875,0.3,1.0,1.3,1.2,0.8,0.5,0.0,0.0,1.1,0.6,5.1,4.4,9.3,0,0,9.8,10.4,170,82,304,108,377,387,385,341,236,268,123,449,463,103,414,450,454,351,326,324,440,463,386,412,385,79,421,200,23,412,415,1
1630174,Aaron Nesmith,Aaron,1610612754,IND,26.0,13,1,12,0.077,27.6,5.2,10.9,0.479,2.2,5.5,0.403,1.7,1.9,0.88,0.5,2.2,2.7,1.4,1.3,0.4,0.4,0.6,2.9,1.9,14.4,-7.3,20.7,0,0,22.2,22.2,345,472,108,505,129,106,118,222,71,79,125,171,204,98,358,292,326,310,184,382,195,121,26,156,108,473,226,200,23,175,226,1
1630598,Aaron Wiggins,Aaron,1610612760,OKC,27.0,24,21,3,0.875,18.3,2.9,7.2,0.405,0.9,3.2,0.276,0.7,1.0,0.739,0.7,1.7,2.4,1.4,1.1,0.8,0.2,0.5,1.0,0.8,7.4,1.0,14.3,0,0,14.1,15.6,107,12,405,29,320,298,246,411,290,237,380,348,351,318,286,353,348,304,221,215,322,192,403,372,309,197,349,200,23,347,342,1
1642846,Ace Bailey,Ace,1610612762,UTA,19.0,23,3,20,0.13,30.3,7.0,16.3,0.433,2.8,8.0,0.35,1.4,1.7,0.8,1.2,3.7,4.9,2.0,1.9,0.9,1.1,0.4,3.0,1.5,18.3,-7.0,31.4,1,0,32.1,33.4,140,387,12,475,77,44,28,355,27,17,229,212,222,223,152,129,128,216,86,158,37,204,24,237,54,467,73,106,23,59,83,1
1642380,Adama Bal,Adama,1610612763,MEM,22.0,8,1,7,0.125,30.2,3.5,8.5,0.412,2.3,5.5,0.409,1.1,1.3,0.9,0.8,2.4,3.1,2.4,0.8,1.1,0.1,0.5,3.4,1.4,10.4,-20.8,20.7,0,0,20.6,22.0,418,472,267,478,80,234,188,391,67,81,111,255,305,74,256,271,267,185,332,93,388,161,6,257,211,525,227,200,23,216,228,1
1641737,Adem Bona,Adem,1610612755,PHI,23.0,26,15,11,0.577,19.2,2.4,3.9,0.614,0.0,0.0,0.0,1.2,1.6,0.762,1.8,3.2,5.0,0.8,0.8,0.5,1.0,0.5,2.2,1.4,6.0,1.1,16.9,0,0,14.8,17.1,54,97,138,238,300,338,391,48,450,488,450,235,243,281,73,168,121,413,294,324,61,149,158,254,350,194,304,200,23,332,320,1
1642876,Adou Thiero,Adou,1610612747,LAL,22.0,8,6,2,0.75,6.3,0.9,1.4,0.636,0.1,0.3,0.5,0.9,1.6,0.538,0.3,1.0,1.3,0.6,0.6,0.3,0.0,0.3,0.5,1.0,2.8,-4.3,5.3,0,0,5.3,6.0,418,279,438,83,488,469,500,37,437,464,15,313,240,456,445,434,456,451,374,433,447,327,477,328,462,405,479,200,23,474,477,1
1642349,Ajay Mitchell,Ajay,1610612760,OKC,24.0,14,13,1,0.929,24.6,4.6,9.6,0.478,0.9,2.8,0.333,1.9,2.2,0.871,0.8,2.1,2.9,3.5,0.9,0.7,0.3,0.4,1.9,1.9,12.0,7.2,22.8,0,0,21.4,24.9,331,140,474,19,193,145,154,225,279,271,261,144,168,116,246,301,305,102,274,240,266,256,226,168,155,36,190,200,23,198,183,1
201143,Al Horford,Al,1610612744,GSW,40.0,11,3,8,0.273,24.3,3.8,9.1,0.42,2.3,5.5,0.417,0.5,0.6,0.714,1.0,3.7,4.7,3.4,0.8,0.4,1.4,0.3,0.8,0.5,10.4,-0.5,25.4,0,0,24.2,27.0,370,387,235,398,202,209,167,378,64,86,95,413,414,341,183,131,139,114,312,391,16,318,437,422,212,265,149,200,23,146,147,1
1630828,Alex Antetokounmpo,Alex,1610612749,MIL,24.0,6,2,4,0.333,3.4,0.5,1.3,0.375,0.3,1.2,0.286,1.8,2.5,0.733,0.3,0.7,1.0,0.2,0.2,0.0,0.2,0.0,0.2,1.2,3.2,0.8,5.0,0,0,5.0,5.0,444,433,368,360,517,498,502,454,392,402,359,156,141,321,397,479,474,513,499,494,357,463,512,300,447,208,487,200,23,479,489,1
1627936,Alex Caruso,Alex,1610612760,OKC,32.0,19,18,1,0.947,18.0,2.2,5.5,0.404,0.7,3.2,0.23,0.8,1.0,0.842,0.5,2.5,3.0,1.8,1.0,1.2,0.2,0.1,1.3,1.1,6.0,5.9,15.5,0,0,14.3,16.8,244,41,474,16,325,359,325,414,315,235,415,320,337,160,354,250,285,243,237,87,321,424,371,319,350,52,332,200,23,340,324,1
1631457,Alex Morales,Alex,1610612753,ORL,28.0,4,3,1,0.75,5.9,0.8,1.8,0.429,0.0,0.3,0.0,0.5,0.5,1.0,0.3,0.5,0.8,1.0,1.0,0.0,0.0,0.3,1.8,0.3,2.0,2.0,3.4,0,0,3.8,4.8,478,387,474,83,493,479,488,362,450,464,450,395,436,1,445,498,489,375,237,494,447,327,255,486,483,151,504,200,23,500,491,1
1642259,Alex Sarr,Alex,1610612764,WAS,21.0,7,0,7,0.0,21.2,4.4,11.6,0.383,1.4,4.4,0.323,1.0,1.4,0.7,1.3,3.9,5.1,2.1,1.7,0.7,1.9,0.6,2.9,1.0,11.3,-9.0,26.7,0,0,25.1,28.4,429,510,267,510,261,153,102,445,173,146,296,269,266,358,131,117,116,206,110,240,4,137,28,328,174,493,126,200,23,128,129,1
1642918,Alijah Martin,Alijah,1610612761,TOR,24.0,10,4,6,0.4,4.9,0.5,1.8,0.278,0.2,0.9,0.222,0.5,0.7,0.714,0.3,0.4,0.7,0.4,0.5,0.2,0.1,0.0,0.2,0.6,1.7,-0.5,3.5,0,0,3.6,4.1,389,337,304,339,502,498,484,508,418,420,416,395,402,341,424,506,497,484,400,455,414,463,508,410,493,268,502,200,23,502,503,1
1631214,Alondes Williams,Alondes,1610612764,WAS,27.0,4,2,2,0.5,25.2,4.0,6.5,0.615,1.3,3.5,0.357,1.8,2.0,0.875,1.3,5.0,6.3,3.0,1.3,0.8,0.8,0.0,1.0,1.5,11.0,8.8,26.3,1,0,24.5,27.8,478,433,438,294,180,189,283,47,211,205,212,166,186,103,137,52,66,131,196,226,89,463,403,228,186,16,131,106,23,139,136,1
1630578,Alperen Sengun,Alperen,1610612745,HOU,23.0,26,17,9,0.654,32.3,8.2,14.6,0.562,0.5,1.7,0.318,2.8,4.1,0.692,2.7,5.4,8.0,6.0,3.2,0.9,1.2,0.7,3.3,4.8,19.8,1.6,41.4,10,2,38.4,45.9,54,61,188,183,39,19,43,75,353,350,302,72,59,369,29,39,32,28,14,170,33,92,9,21,43,171,19,9,5,28,20,1
1642873,Amari Williams,Amari,1610612738,BOS,24.0,8,6,2,0.75,4.2,0.4,0.5,0.75,0.0,0.0,0.0,0.3,0.3,1.0,0.3,1.1,1.4,0.5,0.6,0.1,0.1,0.0,0.5,0.3,1.0,-2.8,3.5,0,0,3.4,4.1,418,279,438,83,510,509,522,6,450,489,450,459,479,1,445,424,443,468,374,480,388,463,477,486,511,350,503,200,23,506,502,1
1641708,Amen Thompson,Amen,1610612745,HOU,23.0,27,17,10,0.63,37.6,7.6,12.8,0.591,0.3,1.0,0.25,4.1,5.3,0.771,3.1,5.0,8.1,5.1,2.3,1.7,0.6,0.9,2.3,4.2,19.5,3.4,41.5,10,0,37.6,44.7,27,61,162,200,1,29,69,58,405,409,395,35,32,269,18,52,30,47,56,16,126,54,117,30,47,108,18,9,23,33,27,1
1629599,Amir Coffey,Amir,1610612756,PHX,29.0,14,7,7,0.5,13.7,1.7,3.4,0.511,0.6,1.3,0.444,0.4,0.6,0.667,0.8,0.9,1.7,0.9,0.3,0.4,0.1,0.0,0.8,0.4,4.4,2.1,9.1,0,0,8.6,9.5,331,256,267,294,384,398,414,139,346,395,47,426,412,387,246,452,413,397,470,392,374,463,444,446,406,150,424,200,23,428,428,1
1643158,Andersson Garcia,Andersson,1610612762,UTA,25.0,5,1,4,0.2,33.8,1.8,5.8,0.31,0.2,2.6,0.077,1.4,1.8,0.778,3.4,5.0,8.4,2.8,1.4,1.6,0.8,0.6,3.2,2.6,5.2,-7.4,25.3,0,0,21.4,26.4,463,472,368,434,19,388,307,499,418,290,448,210,214,255,13,52,27,152,165,25,81,125,13,102,382,475,151,200,23,197,158,1
203083,Andre Drummond,Andre,1610612755,PHI,32.0,23,12,11,0.522,19.1,2.2,5.2,0.417,0.6,1.7,0.333,0.6,1.0,0.636,2.8,5.3,8.2,2.0,0.9,0.7,0.6,0.5,2.0,1.1,5.5,-0.7,21.3,5,0,18.9,21.6,140,158,138,288,303,360,335,387,348,349,261,375,353,414,25,41,29,217,277,255,120,182,183,313,374,279,218,31,23,257,239,1
1641748,Andre Jackson Jr.,Andre,1610612749,MIL,24.0,22,4,18,0.182,10.9,1.2,3.4,0.365,0.5,1.5,0.294,0.5,1.0,0.5,0.7,1.5,2.2,0.9,1.0,0.6,0.1,0.2,0.8,0.8,3.4,-2.5,8.4,0,0,8.3,9.4,170,337,30,447,432,441,411,471,374,363,347,395,337,459,284,381,368,410,237,294,420,384,437,377,438,342,434,200,23,433,433,1
1629614,Andrew Nembhard,Andrew,1610612754,IND,26.0,14,2,12,0.143,28.9,5.1,11.4,0.447,1.7,4.9,0.353,3.6,4.3,0.85,0.5,1.9,2.4,8.3,2.3,0.9,0.1,0.4,2.2,2.6,15.5,-7.3,31.3,5,0,29.7,37.2,331,433,108,467,104,118,111,318,121,114,223,49,51,148,336,338,351,5,54,180,431,256,138,100,91,472,74,31,23,82,55,1
203952,Andrew Wiggins,Andrew,1610612748,MIA,31.0,18,10,8,0.556,27.7,4.7,9.6,0.491,2.2,4.7,0.471,2.1,2.6,0.826,1.4,2.9,4.4,2.4,1.0,0.9,1.2,0.4,2.4,1.9,13.8,0.2,27.9,0,0,26.9,29.2,268,192,235,262,127,137,152,192,72,125,32,125,138,189,103,202,170,181,237,168,31,198,85,162,118,238,110,200,23,108,117,1
1629014,Anfernee Simons,Anfernee,1610612741,CHI,27.0,2,0,2,0.0,22.0,4.5,12.0,0.375,2.0,6.0,0.333,1.0,1.0,1.0,0.0,1.5,1.5,0.5,1.5,0.0,0.0,1.0,2.0,1.0,12.0,-9.0,13.1,0,0,16.0,14.5,508,510,438,510,244,149,86,454,88,66,261,269,337,1,496,381,430,468,138,494,447,27,187,328,155,493,370,200,23,305,357,1
1641710,Anthony Black,Anthony,1610612753,ORL,22.0,11,8,3,0.727,23.7,3.5,9.7,0.364,1.0,3.9,0.256,1.6,2.8,0.581,0.6,2.1,2.7,2.2,1.5,1.5,0.6,0.8,2.2,2.0,9.7,0.5,21.4,0,0,20.0,23.4,370,240,405,108,217,233,146,472,250,180,391,179,116,440,300,305,321,204,156,34,109,57,146,141,232,223,216,200,23,229,204,1
1630162,Anthony Edwards,Anthony,1610612750,MIN,24.0,15,9,6,0.6,33.6,9.3,19.4,0.478,3.3,8.5,0.391,5.4,6.7,0.802,0.3,3.8,4.1,3.7,3.3,1.4,0.7,0.3,2.3,3.9,27.3,1.2,40.8,0,0,42.7,45.1,313,221,304,215,22,10,6,224,11,12,158,17,14,221,397,127,192,96,10,48,99,266,127,34,8,188,22,200,23,12,23,1
1630264,Anthony Gill,Anthony,1610612764,WAS,33.0,27,3,24,0.111,26.9,4.0,6.2,0.653,0.5,1.3,0.371,0.9,1.3,0.706,1.5,2.6,4.1,2.2,1.0,0.7,0.6,0.6,2.4,1.6,9.4,-11.1,20.6,0,0,18.9,21.9,27,387,4,486,144,187,295,31,369,394,187,311,304,354,97,240,194,200,256,232,139,131,93,206,243,515,232,200,23,258,232,1
1641810,Antonio Reeves,Antonio,1610612766,CHA,25.0,3,2,1,0.667,4.0,0.7,1.3,0.5,0.7,1.0,0.667,0.0,0.0,0.0,0.3,0.7,1.0,0.3,0.3,0.0,0.0,0.0,0.0,0.0,2.0,1.3,3.4,0,0,4.0,3.7,494,433,474,155,512,487,502,158,325,410,5,497,501,497,397,479,474,491,451,494,447,463,517,508,483,185,505,200,23,495,508,1
1630574,Ariel Hukporti,Ariel,1610612752,NYK,24.0,15,10,5,0.667,9.1,1.0,1.8,0.556,0.0,0.0,0.0,0.5,0.5,1.0,1.1,1.8,2.9,0.5,0.7,0.3,0.3,0.2,1.1,0.5,2.5,2.8,7.9,0,0,7.1,8.3,313,192,336,155,450,456,484,78,450,489,450,408,450,1,160,346,302,465,342,430,219,365,387,425,469,121,447,200,23,448,450,1
1642854,Asa Newell,Asa,1610612737,ATL,20.0,5,4,1,0.8,11.6,2.4,4.4,0.545,0.4,1.4,0.286,0.4,0.8,0.5,1.4,1.6,3.0,1.2,0.4,0.2,0.4,0.4,0.8,0.6,5.6,-2.6,12.4,1,0,11.4,12.8,463,337,474,57,419,336,368,93,381,378,359,430,380,459,112,368,285,343,434,455,186,223,441,410,370,346,378,106,23,387,382,1
1641709,Ausar Thompson,Ausar,1610612765,DET,23.0,24,17,7,0.708,26.4,4.0,7.3,0.557,0.0,0.2,0.0,1.1,2.0,0.542,1.8,3.5,5.2,4.0,1.6,2.3,1.2,0.4,2.5,1.6,9.2,8.5,30.0,0,0,25.2,32.6,107,61,267,127,150,186,244,77,450,474,450,263,186,454,78,155,110,79,121,4,31,243,81,214,247,20,85,200,23,127,90,1
1630559,Austin Reaves,Austin,1610612747,LAL,28.0,23,17,6,0.739,35.8,6.7,14.3,0.465,2.1,5.9,0.356,5.3,6.0,0.877,0.6,3.7,4.3,4.9,2.5,1.3,0.6,1.0,2.1,4.7,20.7,5.2,36.3,0,0,35.7,40.3,140,61,304,102,7,57,46,261,81,70,218,19,24,101,307,133,178,52,40,64,120,42,175,22,33,59,40,200,23,37,39,1
1630245,Ayo Dosunmu,Ayo,1610612750,MIN,26.0,21,13,8,0.619,29.1,5.6,10.9,0.515,1.5,3.5,0.419,1.6,1.8,0.919,0.7,4.0,4.7,3.7,1.6,0.9,0.2,0.7,2.1,1.4,14.3,2.1,27.3,2,1,26.4,29.8,199,140,235,208,101,91,119,130,162,203,92,181,219,64,286,102,146,96,128,164,300,87,172,255,111,148,117,71,10,113,112,1
1628389,Bam Adebayo,Bam,1610612748,MIA,28.0,25,14,11,0.56,34.3,7.8,17.6,0.441,2.0,6.8,0.29,5.8,7.6,0.772,2.0,8.3,10.3,3.9,1.2,1.5,0.6,0.6,1.7,5.8,23.3,5.5,46.5,13,0,43.6,47.7,81,120,138,259,14,22,21,336,94,43,357,12,11,267,53,6,9,84,199,42,122,111,258,10,19,57,6,7,23,9,12,1
1631248,Baylor Scheierman,Baylor,1610612738,BOS,25.0,28,21,7,0.75,25.9,3.0,6.6,0.457,1.9,4.8,0.403,0.6,0.6,0.941,1.2,3.5,4.7,2.4,0.9,0.5,0.1,0.0,1.5,1.2,8.6,2.6,18.6,2,0,18.7,19.7,13,12,267,83,163,281,274,288,96,118,124,381,417,52,143,146,142,188,282,324,431,462,321,285,264,127,277,71,23,260,275,1
1642879,Ben Saraf,Ben,1610612751,BKN,20.0,22,4,18,0.182,24.2,3.7,8.6,0.432,0.3,1.9,0.167,2.2,2.5,0.891,0.6,2.0,2.5,3.9,2.7,1.0,0.2,1.5,2.4,2.1,10.0,-8.0,19.6,0,0,19.0,23.7,170,337,30,447,205,217,185,358,397,336,438,109,141,89,314,328,334,88,25,145,344,5,92,135,222,484,255,200,23,250,200,1
1641767,Ben Sheppard,Ben,1610612754,IND,24.0,21,3,18,0.143,21.5,3.2,6.4,0.496,1.4,3.5,0.397,0.6,0.8,0.75,0.9,1.9,2.8,1.6,0.8,0.8,0.1,0.5,1.8,0.7,8.3,-3.0,16.0,0,0,15.9,17.0,199,387,30,467,255,266,287,183,182,214,140,381,390,293,224,334,317,268,330,206,416,183,242,396,277,361,318,200,23,308,322,1
1631097,Bennedict Mathurin,Bennedict,1610612746,LAC,24.0,24,14,10,0.583,28.0,5.4,12.3,0.436,0.7,3.2,0.208,6.4,7.5,0.855,1.3,4.3,5.5,2.5,2.2,0.8,0.3,0.7,2.3,5.2,17.8,2.4,29.4,1,0,28.8,31.7,107,120,162,235,120,100,79,349,325,236,425,9,12,144,137,87,92,180,59,188,219,90,107,14,59,137,95,106,23,92,95,1
1643016,Bez Mbeng,Bez,1610612762,UTA,23.0,15,2,13,0.133,32.8,3.3,6.7,0.5,0.4,2.1,0.194,1.1,1.7,0.64,1.2,2.6,3.8,4.1,1.5,2.3,0.3,0.3,3.1,1.9,8.1,-9.9,25.2,1,1,21.7,28.0,313,433,89,474,31,248,272,158,381,325,432,264,230,413,144,235,218,73,154,2,219,266,19,167,285,504,153,106,10,188,134,1
1641731,Bilal Coulibaly,Bilal,1610612764,WAS,21.0,23,3,20,0.13,25.4,5.4,11.8,0.456,1.6,4.0,0.387,2.2,3.1,0.718,0.8,3.4,4.2,2.7,1.3,1.2,1.0,0.7,1.8,2.4,14.6,-8.7,29.1,0,0,27.6,31.0,140,387,12,475,176,99,93,293,143,173,160,113,99,338,233,160,186,163,174,74,45,106,250,117,104,489,98,200,23,101,103,1
202687,Bismack Biyombo,Bismack,1610612759,SAS,33.0,11,9,2,0.818,5.7,0.5,0.7,0.625,0.0,0.0,0.0,0.4,0.5,0.8,0.1,1.2,1.3,0.2,0.3,0.1,0.1,0.1,1.2,0.4,1.3,-5.0,3.3,0,0,3.1,3.5,370,221,438,52,496,506,518,43,450,489,450,439,454,223,490,419,454,512,474,490,420,435,381,461,507,423,506,200,23,510,510,1
1642396,Blake Hinson,Blake,1610612762,UTA,26.0,13,4,9,0.308,20.1,4.2,8.3,0.509,2.6,5.6,0.466,0.9,1.2,0.75,0.8,1.6,2.5,1.2,0.3,0.4,0.2,0.3,1.5,1.0,12.0,3.5,18.0,0,0,19.3,18.4,345,337,188,378,285,171,201,141,39,78,35,305,311,293,227,366,345,357,464,382,365,297,323,328,155,100,282,200,23,245,298,1
1631104,Blake Wesley,Blake,1610612757,POR,23.0,18,12,6,0.667,8.9,1.5,3.2,0.474,0.2,0.8,0.214,1.0,1.7,0.581,0.1,0.7,0.8,1.3,0.8,0.2,0.2,0.2,0.9,1.2,4.2,-1.6,7.4,0,0,7.2,8.7,268,158,304,155,452,415,423,234,430,426,422,269,226,440,486,479,487,324,298,469,304,350,421,300,416,316,452,200,23,447,442,1
1626171,Bobby Portis Jr.,Bobby,1610612749,MIL,31.0,16,5,11,0.313,23.7,6.0,11.9,0.503,2.4,5.1,0.469,0.9,1.3,0.667,1.4,4.4,5.8,1.4,0.8,0.6,0.3,0.3,1.6,1.4,15.3,-5.6,26.2,3,0,26.6,26.4,298,311,138,376,216,76,89,156,54,101,33,313,293,387,116,75,80,312,332,277,288,294,297,257,94,434,132,55,23,111,157,1
1641752,Bobi Klintman,Bobi,1610612765,DET,23.0,3,1,2,0.333,2.6,0.7,1.0,0.667,0.3,0.3,1.0,0.0,0.0,0.0,0.0,0.7,0.7,0.7,0.3,0.0,0.0,0.3,0.0,0.0,1.7,3.7,3.1,0,0,3.3,3.7,494,472,438,360,522,487,510,21,392,457,1,497,501,497,496,479,499,442,451,494,447,266,517,508,494,95,510,200,23,507,508,1
203992,Bogdan Bogdanović,Bogdan,1610612746,LAC,33.0,6,3,3,0.5,13.3,2.3,5.2,0.452,1.5,3.5,0.429,0.7,1.0,0.667,0.2,1.8,2.0,1.2,0.8,0.3,0.3,0.2,1.0,0.8,6.8,-1.5,12.2,0,0,12.8,13.2,444,387,405,294,388,342,336,304,152,205,74,353,337,387,476,341,389,355,298,399,219,395,403,364,327,310,382,200,23,365,378,1
1630538,Bones Hyland,Bones,1610612750,MIN,25.0,24,13,11,0.542,20.1,3.7,8.4,0.436,2.2,5.6,0.393,1.3,1.5,0.865,0.3,1.7,2.0,2.7,1.2,0.8,0.3,0.6,1.6,1.7,10.9,0.4,19.3,0,0,19.9,21.4,107,140,138,275,286,220,195,350,75,77,152,219,249,123,397,357,389,161,207,226,264,117,289,190,194,228,266,200,23,234,244,1
1642382,Branden Carlson,Branden,1610612760,OKC,27.0,8,5,3,0.625,14.4,3.8,7.0,0.536,1.3,3.4,0.37,0.8,1.1,0.667,1.0,3.5,4.5,1.3,0.5,0.3,1.1,0.6,0.8,1.0,9.5,-4.9,20.4,2,0,19.3,20.6,418,311,405,201,376,213,256,101,211,222,192,339,323,387,183,146,159,329,400,433,38,117,449,328,239,420,234,71,23,247,262,1
1641764,Brandin Podziemski,Brandin,1610612744,GSW,23.0,27,8,19,0.296,31.6,5.9,12.7,0.465,2.3,6.1,0.373,3.3,4.0,0.833,1.1,5.0,6.2,4.1,1.8,1.0,0.2,0.5,1.3,3.4,17.5,-1.7,32.6,5,0,32.3,35.3,27,240,23,387,52,79,70,260,62,60,185,56,60,172,157,51,70,74,100,139,342,179,355,52,64,319,62,31,23,57,66,1
1627742,Brandon Ingram,Brandon,1610612761,TOR,28.0,24,12,12,0.5,33.5,7.7,15.8,0.484,1.6,3.8,0.433,3.8,4.9,0.786,0.8,4.4,5.3,3.8,2.3,0.7,0.5,0.8,1.9,3.6,20.8,0.0,34.2,1,0,33.9,37.3,107,158,108,294,24,25,31,210,132,188,64,42,41,243,230,78,108,93,53,248,144,65,225,44,30,244,52,106,23,51,53,1
1641706,Brandon Miller,Brandon,1610612766,CHA,23.0,27,18,9,0.667,30.0,6.8,15.1,0.451,3.4,8.3,0.406,2.5,2.8,0.895,1.1,4.1,5.1,3.4,2.2,1.0,0.4,0.4,2.8,2.3,19.5,8.0,32.6,1,0,34.1,35.5,27,41,188,155,83,52,36,305,10,14,116,90,117,79,174,99,115,112,62,139,203,198,36,125,46,28,63,106,23,50,63,1
1630314,Brandon Williams,Brandon,1610612742,DAL,26.0,20,6,14,0.3,22.5,4.2,8.7,0.486,0.6,2.1,0.262,4.9,6.1,0.81,0.3,2.6,2.9,4.4,1.8,0.7,0.6,0.7,1.5,4.3,13.9,-6.9,25.8,1,0,24.2,29.2,228,279,78,381,236,172,184,205,351,321,390,25,23,210,424,235,309,66,104,253,140,110,328,27,117,464,136,106,23,148,118,1
1641729,Brice Sensabaugh,Brice,1610612762,UTA,22.0,22,2,20,0.091,27.3,7.4,15.6,0.474,3.0,7.5,0.402,2.7,3.4,0.787,0.8,2.6,3.4,2.8,2.7,0.8,0.3,0.8,2.0,2.7,20.5,-7.5,29.5,0,0,32.0,33.0,170,433,12,497,135,36,32,233,19,27,128,79,83,242,234,241,243,149,25,195,241,57,187,94,35,478,92,200,23,61,85,1
1642355,Bronny James,Bronny,1610612747,LAL,21.0,13,10,3,0.769,12.7,1.8,4.2,0.418,0.8,2.3,0.367,0.2,0.2,1.0,0.1,0.5,0.6,1.2,0.8,0.6,0.2,0.0,0.9,0.4,4.5,-2.5,8.6,0,0,8.8,9.9,345,192,405,74,406,391,379,384,295,308,196,482,494,1,494,497,505,339,294,282,365,463,423,456,401,341,432,200,23,425,421,1
201572,Brook Lopez,Brook,1610612746,LAC,38.0,28,16,12,0.571,27.2,4.3,9.1,0.476,1.6,4.3,0.378,1.0,1.4,0.675,1.1,4.2,5.3,1.8,0.8,0.7,1.3,0.3,2.6,1.6,11.2,1.6,25.6,1,0,24.0,26.3,13,82,108,244,138,161,171,227,137,157,175,295,266,384,166,91,102,246,309,240,20,288,57,204,178,168,141,106,23,150,159,1
1642964,Brooks Barnhizer,Brooks,1610612760,OKC,24.0,11,8,3,0.727,11.5,0.8,2.3,0.36,0.2,0.7,0.25,0.3,0.4,0.75,0.8,1.5,2.4,0.5,0.3,0.5,0.2,0.2,0.6,0.3,2.1,-3.3,7.7,0,0,6.6,7.7,370,240,405,108,421,475,462,477,427,432,395,456,463,293,234,376,349,462,474,311,344,384,464,482,481,374,449,200,23,456,455,1
1628971,Bruce Brown,Bruce,1610612743,DEN,29.0,27,19,8,0.704,23.2,3.3,6.6,0.5,1.0,2.2,0.433,1.2,1.6,0.744,0.7,2.9,3.6,2.1,1.3,1.0,0.2,0.5,2.2,1.1,8.7,-0.3,18.5,0,0,17.8,20.2,27,27,235,132,225,251,278,158,274,315,64,243,244,313,262,213,229,205,189,112,342,179,136,308,261,261,278,200,23,278,268,1
1631121,Bryce McGowens,Bryce,1610612740,NOP,23.0,10,6,4,0.6,24.4,3.2,6.6,0.485,0.9,2.9,0.31,1.5,1.8,0.833,0.2,2.4,2.6,1.4,0.2,0.8,0.4,0.6,2.5,1.7,8.8,-0.9,17.4,0,0,16.1,17.8,389,279,368,215,200,263,276,207,287,262,324,195,214,172,463,265,332,306,489,208,186,125,77,191,257,289,293,200,23,302,309,1
1642267,Bub Carrington,Bub,1610612764,WAS,20.0,29,3,26,0.103,27.2,4.4,9.5,0.46,2.0,4.6,0.44,0.9,1.4,0.675,0.3,2.7,3.1,4.8,2.2,0.7,0.2,0.1,2.3,1.7,11.7,-9.9,23.0,0,0,23.3,27.0,1,387,1,491,140,157,156,281,87,134,51,301,276,384,395,220,274,57,60,269,326,426,110,202,162,503,186,200,23,158,149,1
1631205,Buddy Boeheim,Buddy,1610612760,OKC,26.0,2,1,1,0.5,1.3,0.0,0.0,0.0,0.0,0.0,0.0,0.0,0.0,0.0,0.0,0.0,0.0,0.0,0.0,0.0,0.0,0.0,0.5,0.0,0.0,1.5,0.0,0,0,0.0,0.0,508,472,474,294,526,522,525,522,450,489,450,497,501,497,496,518,518,519,507,494,447,463,477,508,523,172,526,200,23,526,526,1
1627741,Buddy Hield,Buddy,1610612737,ATL,33.0,6,4,2,0.667,7.8,2.2,4.3,0.5,1.2,2.7,0.438,0.5,0.5,1.0,0.2,1.2,1.3,0.8,0.8,0.3,0.0,0.0,0.2,0.2,6.0,1.0,9.0,0,0,10.0,10.0,444,337,438,155,464,361,374,158,228,281,53,395,436,1,476,420,445,415,298,399,447,463,512,498,350,197,426,200,23,407,420,1
1643047,CJ Huntley,CJ,1610612756,PHX,24.0,4,3,1,0.75,10.1,1.5,2.8,0.545,0.0,0.8,0.0,0.0,0.0,0.0,0.5,0.8,1.3,0.5,0.0,0.3,0.0,0.3,0.5,0.0,3.0,3.8,6.0,0,0,5.3,6.0,478,387,474,83,439,415,442,93,450,428,450,497,501,497,336,469,456,468,507,433,447,327,477,508,450,93,467,200,23,474,477,1
203468,CJ McCollum,CJ,1610612737,ATL,34.0,25,20,5,0.8,29.1,6.8,15.0,0.455,2.4,6.6,0.36,2.6,3.4,0.767,1.1,2.0,3.1,4.4,1.9,1.0,0.6,0.6,1.8,2.7,18.7,9.9,32.2,0,0,32.0,35.7,81,15,336,57,100,51,39,296,56,48,206,80,81,273,173,314,268,63,85,107,108,144,244,99,51,13,68,200,23,62,61,1
1630595,Cade Cunningham,Cade,1610612765,DET,24.0,17,12,5,0.706,31.3,7.8,16.9,0.458,2.1,5.5,0.376,2.4,2.9,0.837,0.6,4.6,5.3,10.7,3.7,1.4,0.9,1.4,2.8,2.9,20.0,8.2,45.4,11,0,42.5,53.4,284,158,336,131,55,21,23,285,82,85,176,96,114,168,298,65,105,2,5,53,73,8,39,77,38,24,8,8,23,13,5,1
1631216,Caleb Houstan,Caleb,1610612737,ATL,23.0,8,7,1,0.875,3.3,0.9,1.4,0.636,0.6,1.1,0.556,0.0,0.0,0.0,0.1,0.6,0.8,0.3,0.0,0.1,0.0,0.0,0.6,0.0,2.4,0.8,4.0,0,0,4.3,4.0,418,256,474,29,520,469,500,37,333,404,11,497,501,497,485,489,489,504,507,480,447,463,466,508,472,212,498,200,23,490,504,1
1631126,Caleb Love,Caleb,1610612757,POR,24.0,4,3,1,0.75,3.3,0.3,1.3,0.2,0.0,0.5,0.0,0.0,0.0,0.0,0.0,0.0,0.0,0.3,0.3,0.0,0.0,0.3,0.3,0.0,0.5,-2.3,0.6,0,0,0.8,1.0,478,387,474,83,519,516,505,516,450,450,450,497,501,497,496,518,518,504,476,494,447,327,504,508,519,337,525,200,23,525,524,1
1628997,Caleb Martin,Caleb,1610612742,DAL,30.0,12,4,8,0.333,17.7,2.0,4.3,0.462,0.5,1.6,0.316,1.3,2.2,0.577,0.4,2.1,2.5,0.8,0.8,0.8,0.3,0.1,1.7,1.4,5.8,-10.0,12.4,0,0,11.7,13.0,360,337,235,360,331,372,374,272,356,359,310,230,173,443,374,308,338,430,332,226,219,443,267,248,365,506,379,200,23,380,379,1
1642353,Cam Christie,Cam,1610612746,LAC,20.0,17,9,8,0.529,5.9,0.6,1.8,0.323,0.0,0.4,0.0,0.4,0.5,0.75,0.4,0.6,1.1,0.5,0.4,0.4,0.0,0.3,0.1,0.3,1.5,-1.3,4.3,0,0,3.8,4.7,284,221,235,281,492,497,483,496,450,453,450,440,449,293,376,488,473,467,449,395,447,310,515,478,497,306,495,200,23,499,493,1
1642285,Cam Spencer,Cam,1610612763,MEM,26.0,21,4,17,0.19,23.1,3.3,7.1,0.463,1.7,3.8,0.456,1.5,1.6,0.97,0.7,1.5,2.2,5.4,0.8,0.8,0.3,0.2,1.4,1.1,9.8,-4.0,22.9,2,0,21.2,26.0,199,337,42,442,227,253,253,270,121,187,42,192,246,47,271,379,361,42,313,221,266,380,343,309,230,400,189,71,23,200,169,1
1630560,Cam Thomas,Cam,1610612749,MIL,24.0,15,5,10,0.333,16.0,3.2,7.7,0.417,0.6,2.5,0.237,2.5,3.5,0.712,0.1,1.3,1.5,1.9,1.4,0.3,0.1,0.5,0.7,3.3,9.5,-6.7,14.1,0,0,14.4,16.2,313,311,162,360,357,263,228,386,339,298,409,93,79,349,483,403,438,232,165,399,384,152,455,59,241,457,351,200,23,339,332,1
1629661,Cameron Johnson,Cameron,1610612743,DEN,30.0,23,15,8,0.652,30.6,4.5,9.1,0.493,2.2,5.3,0.421,2.0,2.3,0.87,1.0,3.1,4.1,2.7,0.8,0.8,0.6,0.4,2.3,1.5,13.2,6.0,25.6,0,0,25.0,27.0,140,97,235,187,69,152,168,188,74,92,89,132,155,117,207,184,197,158,306,193,135,204,128,225,126,50,142,200,23,129,150,1
1626166,Cameron Payne,Cameron,1610612755,PHI,31.0,22,12,10,0.545,17.0,2.5,6.8,0.376,1.5,4.4,0.33,0.9,1.0,0.864,0.1,1.9,2.0,2.6,0.5,1.1,0.3,0.4,1.4,1.0,7.4,-2.9,17.5,1,0,16.3,18.9,170,158,162,268,340,326,266,453,168,150,283,315,337,125,482,337,389,168,400,97,241,251,351,328,311,359,292,106,23,299,288,1
1627747,Caris LeVert,Caris,1610612765,DET,31.0,24,17,7,0.708,18.7,2.6,6.5,0.395,0.9,2.8,0.318,0.8,1.2,0.679,0.5,1.7,2.2,2.4,1.5,0.8,0.8,0.3,1.4,1.1,6.8,-1.9,16.0,0,0,15.3,18.3,107,61,267,127,314,324,282,428,290,273,302,334,318,382,359,353,370,185,138,226,89,266,334,315,327,326,319,200,23,321,299,1
1642868,Carter Bryant,Carter,1610612759,SAS,20.0,28,24,4,0.857,15.0,2.0,4.4,0.451,1.0,2.8,0.351,0.5,0.7,0.75,0.7,2.6,3.3,1.2,0.7,0.3,0.5,0.2,2.0,0.5,5.4,0.7,12.7,0,0,12.4,13.4,13,1,368,32,370,378,373,308,272,273,227,392,399,293,285,228,254,353,345,433,154,357,209,441,378,215,372,200,23,368,375,1
1641717,Cason Wallace,Cason,1610612760,OKC,22.0,24,22,2,0.917,26.1,3.7,8.3,0.445,1.3,3.5,0.357,1.0,1.1,0.923,0.8,2.4,3.2,3.4,1.0,1.8,0.5,0.8,2.1,1.0,9.7,6.0,24.4,1,0,22.0,26.5,107,5,438,20,157,218,198,324,211,205,212,269,329,59,243,271,265,113,232,14,144,65,164,346,235,51,162,106,23,178,154,1
1642907,Cedric Coward,Cedric,1610612763,MEM,22.0,14,2,12,0.143,23.9,5.1,10.7,0.48,1.6,4.7,0.333,2.7,3.2,0.844,1.3,3.4,4.6,2.2,1.5,0.9,0.6,0.8,2.3,2.9,14.6,-1.2,26.5,1,0,26.0,28.1,331,433,108,467,213,112,121,217,140,126,261,77,91,156,131,163,150,201,138,152,131,69,121,78,103,305,128,106,23,119,132,1
1643052,Chaney Johnson,Chaney,1610612751,BKN,24.0,17,4,13,0.235,20.4,3.0,5.5,0.543,0.5,1.8,0.3,1.6,2.1,0.8,1.9,2.7,4.6,2.1,1.2,0.9,0.5,0.4,3.0,1.4,8.2,-4.6,20.0,1,0,18.3,21.3,284,337,89,422,278,282,321,97,354,345,338,177,179,223,64,222,149,209,213,171,149,220,20,251,283,411,246,106,23,270,247,1
1629646,Charles Bassey,Charles,1610612744,GSW,25.0,10,4,6,0.4,11.8,2.7,3.8,0.711,0.0,0.0,0.0,1.3,1.7,0.765,1.6,2.6,4.2,0.5,0.5,0.3,0.9,0.3,1.4,1.4,6.7,-2.9,15.6,2,0,13.8,15.5,389,337,304,339,417,313,395,11,450,489,450,226,229,276,88,235,187,468,400,421,69,304,335,252,334,358,328,71,23,352,343,2
1642404,Chaz Lanier,Chaz,1610612765,DET,24.0,14,10,4,0.714,6.5,0.5,2.3,0.219,0.3,1.6,0.182,0.0,0.1,0.0,0.1,0.2,0.3,0.3,0.1,0.1,0.0,0.2,0.4,0.0,1.3,-1.0,2.4,0,0,2.4,2.6,331,192,368,114,482,498,461,515,402,360,436,497,500,497,495,516,515,501,506,475,447,357,495,508,506,292,514,200,23,512,516,1
1631096,Chet Holmgren,Chet,1610612760,OKC,24.0,20,19,1,0.95,28.4,5.8,10.6,0.55,1.4,3.4,0.397,3.4,4.2,0.807,1.9,7.6,9.5,1.8,1.6,0.9,1.8,0.6,1.9,3.6,16.3,12.4,36.8,7,0,34.3,37.4,228,27,474,15,115,84,125,90,192,218,141,55,56,212,65,9,15,257,123,166,5,125,220,46,81,5,38,23,23,47,52,1
1643024,Chris Mañon,Chris,1610612747,LAL,24.0,4,3,1,0.75,6.2,0.5,1.3,0.4,0.0,0.5,0.0,0.3,0.5,0.5,0.3,1.3,1.5,0.5,0.0,0.5,0.0,0.0,0.8,0.3,1.3,-2.0,5.3,0,0,4.3,5.3,478,387,474,83,489,498,505,418,450,450,450,459,436,459,445,409,430,468,507,324,447,463,449,486,508,329,480,200,23,490,485,1
1642959,Chris Youngblood,Chris,1610612757,POR,24.0,2,2,0,1.0,5.4,1.0,1.5,0.667,1.0,1.5,0.667,0.0,0.0,0.0,0.0,0.0,0.0,0.5,0.0,0.0,0.0,0.0,1.0,1.0,3.0,1.5,3.8,0,0,4.5,4.0,508,433,513,1,498,456,495,21,250,365,5,497,501,497,496,518,518,468,507,494,447,463,403,328,450,172,501,200,23,488,504,1
1631128,Christian Braun,Christian,1610612743,DEN,25.0,25,17,8,0.68,32.9,5.2,9.6,0.544,1.3,4.0,0.323,1.8,2.3,0.789,1.3,3.9,5.2,2.7,0.8,0.8,0.2,0.7,2.4,1.8,13.5,6.7,25.9,0,0,24.6,27.0,81,61,235,152,27,109,155,96,204,178,294,159,162,241,134,115,113,166,297,208,327,97,94,184,123,43,134,200,23,135,147,1
1631132,Christian Koloko,Christian,1610612737,ATL,26.0,7,6,1,0.857,7.2,0.7,2.0,0.357,0.0,0.6,0.0,1.0,1.3,0.778,0.7,1.4,2.1,0.6,0.6,0.3,0.4,0.4,0.9,1.0,2.4,-3.7,7.4,0,0,6.6,7.9,429,279,474,32,473,481,471,479,450,447,450,269,296,255,271,396,374,459,389,426,176,207,432,328,471,390,451,200,23,457,454,1
203991,Clint Capela,Clint,1610612745,HOU,32.0,28,18,10,0.643,13.2,1.5,3.0,0.506,0.0,0.1,0.5,0.9,1.4,0.6,2.1,2.6,4.7,0.9,0.8,0.4,0.9,0.3,1.2,1.0,3.9,4.0,14.1,1,0,12.2,14.4,13,41,162,192,391,415,431,149,449,483,15,316,266,427,48,233,142,412,322,358,66,288,376,327,425,87,352,106,23,371,359,1
1629632,Coby White,Coby,1610612766,CHA,26.0,21,15,6,0.714,19.4,5.0,11.0,0.461,2.0,5.2,0.391,3.5,4.1,0.839,0.5,2.5,3.0,3.0,1.9,0.2,0.1,0.6,1.9,3.0,15.6,4.6,23.0,0,0,24.4,25.8,199,97,304,114,298,120,117,278,84,95,156,51,57,163,352,258,299,127,87,449,374,137,217,68,87,72,187,200,23,141,171,1
1642262,Cody Williams,Cody,1610612762,UTA,21.0,25,4,21,0.16,32.4,5.3,11.6,0.457,0.5,2.5,0.194,2.6,3.5,0.736,1.0,3.0,4.0,3.9,1.9,1.0,0.3,0.8,1.8,2.2,13.6,-8.6,26.3,2,0,24.6,29.3,81,337,7,460,36,104,104,289,371,300,432,87,78,320,183,193,199,84,90,143,238,75,233,128,120,488,130,71,23,135,116,1
1630658,Colin Castleton,Colin,1610612753,ORL,26.0,4,3,1,0.75,5.3,0.5,1.3,0.4,0.0,0.0,0.0,0.3,0.3,1.0,0.5,1.5,2.0,0.3,0.5,0.3,0.0,0.3,0.5,0.5,1.3,1.5,4.3,0,0,4.0,4.5,478,387,474,83,499,498,505,418,450,489,450,459,479,1,336,381,389,504,400,433,447,327,477,427,508,172,496,200,23,495,497,1
1631221,Collin Gillespie,Collin,1610612756,PHX,27.0,26,12,14,0.462,29.0,3.9,10.2,0.383,2.7,7.4,0.358,0.8,0.8,0.955,1.4,2.5,3.9,4.5,1.4,0.9,0.2,0.3,1.8,1.6,11.3,1.8,24.7,1,0,24.6,27.5,54,158,78,319,102,199,135,444,36,28,211,329,371,48,115,249,210,62,169,155,365,297,243,218,171,159,156,106,23,137,140,1
1642867,Collin Murray-Boyles,Collin,1610612761,TOR,21.0,14,8,6,0.571,20.9,4.0,6.1,0.659,0.1,0.3,0.25,2.3,3.4,0.681,2.1,3.0,5.1,1.2,0.6,0.9,1.1,0.4,2.6,2.4,10.4,4.0,23.6,1,0,20.7,23.9,331,240,304,244,272,189,298,29,444,461,395,102,86,380,50,194,117,340,368,152,41,207,49,120,213,83,174,106,23,214,199,1
1629012,Collin Sexton,Collin,1610612741,CHI,27.0,23,5,18,0.217,25.4,6.0,12.3,0.491,2.3,5.3,0.43,3.1,3.8,0.816,0.8,2.0,2.8,2.6,1.8,1.6,0.1,0.9,2.5,3.0,17.4,-3.4,28.1,0,0,28.6,30.7,140,311,30,430,178,75,80,193,66,92,73,63,69,200,249,315,316,171,97,24,385,46,80,69,66,381,107,200,23,95,106,1
1642843,Cooper Flagg,Cooper,1610612742,DAL,19.0,21,5,16,0.238,32.1,8.5,19.2,0.441,1.0,3.4,0.278,4.7,5.3,0.875,1.4,5.5,6.9,5.4,2.5,1.2,1.2,1.5,1.8,4.5,22.6,-5.3,43.8,5,0,40.7,47.6,199,311,50,420,43,17,7,337,277,217,377,28,32,103,106,36,52,40,33,71,29,3,253,23,21,426,13,31,23,19,14,1
1630557,Corey Kispert,Corey,1610612737,ATL,27.0,23,18,5,0.783,15.9,3.0,6.3,0.473,1.4,3.8,0.375,1.1,1.5,0.743,0.6,1.5,2.1,1.4,0.7,0.1,0.2,0.3,1.0,1.0,8.6,-0.1,13.2,0,0,14.0,14.2,140,41,336,68,359,282,289,237,171,184,177,252,252,314,307,392,382,309,349,492,352,260,403,347,265,251,365,200,23,348,362,1
1642504,Cormac Ryan,Cormac,1610612749,MIL,27.0,11,2,9,0.182,24.6,4.8,9.3,0.52,2.5,5.4,0.458,2.2,2.4,0.923,0.7,1.8,2.5,1.7,1.5,1.0,0.3,0.4,2.5,1.9,14.3,-1.6,22.2,1,0,23.5,24.1,370,433,188,447,192,134,163,125,48,89,40,118,153,59,270,344,334,260,132,112,278,251,82,158,112,317,197,106,23,156,191,1
1641854,Craig Porter Jr.,Craig,1610612739,CLE,26.0,15,10,5,0.667,18.1,1.6,3.8,0.421,0.5,1.6,0.292,0.4,0.5,0.857,1.2,2.3,3.5,3.3,1.1,0.5,0.5,0.1,0.9,0.7,4.1,1.7,15.2,0,0,13.3,17.2,313,192,336,155,324,411,395,375,372,357,352,430,450,132,144,287,239,115,225,346,147,416,422,387,419,167,335,200,23,359,319,1
1642938,Curtis Jones,Curtis,1610612743,DEN,24.0,4,4,0,1.0,14.2,1.8,3.3,0.538,1.3,2.3,0.556,0.3,0.5,0.5,0.3,1.3,1.5,1.8,0.3,1.0,0.0,0.3,0.8,0.5,5.0,5.5,12.2,0,0,11.5,13.0,478,337,513,1,378,394,419,99,211,311,11,459,436,459,445,409,430,257,476,112,447,327,449,427,388,55,381,200,23,384,379,1
1629610,DaQuan Jeffries,DaQuan,1610612758,SAC,28.0,3,0,3,0.0,20.0,3.7,6.3,0.579,1.3,3.0,0.444,1.7,1.7,1.0,1.0,0.7,1.7,0.3,0.0,0.7,0.0,0.3,3.0,1.7,10.3,0.3,14.8,0,0,15.0,14.7,494,510,405,510,289,220,290,62,193,251,47,172,230,1,183,479,417,491,507,264,447,266,20,197,215,232,341,200,23,326,353,1
1641747,DaRon Holmes II,DaRon,1610612743,DEN,23.0,10,8,2,0.8,3.4,1.2,1.8,0.667,0.6,1.1,0.545,0.5,0.6,0.833,0.3,0.8,1.1,0.1,0.7,0.1,0.2,0.1,0.3,0.4,3.5,0.8,5.2,0,0,5.9,5.7,389,240,438,57,518,444,484,21,339,406,13,395,418,172,424,465,471,518,347,488,327,428,501,451,435,210,484,200,23,465,481,1
1631342,Daeqwon Plowden,Daeqwon,1610612758,SAC,27.0,25,9,16,0.36,27.4,4.2,9.2,0.45,2.2,6.2,0.364,1.5,1.8,0.844,0.8,2.2,3.0,1.2,0.9,0.8,0.2,0.4,2.6,1.5,12.1,-6.7,19.8,0,0,20.6,20.7,81,221,50,355,134,178,164,309,69,59,200,193,214,156,255,294,296,343,287,186,298,223,51,226,151,458,248,200,23,215,259,1
1630625,Dalano Banton,Dalano,1610612738,BOS,26.0,4,3,1,0.75,13.0,0.3,2.0,0.125,0.0,0.3,0.0,1.0,1.0,1.0,0.3,0.8,1.0,2.3,1.8,0.3,1.3,0.8,0.8,0.8,1.5,-2.8,8.8,0,0,7.8,11.5,478,387,474,83,397,516,471,519,450,464,450,269,337,1,445,469,474,195,107,433,23,78,449,382,498,350,430,200,23,439,401,1
1631207,Dalen Terry,Dalen,1610612755,PHI,23.0,13,8,5,0.615,12.8,1.8,3.9,0.451,0.4,1.5,0.263,0.5,1.0,0.538,0.5,1.1,1.6,1.7,0.3,0.5,0.3,0.2,1.2,1.3,4.5,-0.5,11.2,0,0,9.8,12.0,345,240,336,209,402,391,388,305,385,372,389,390,337,456,326,430,421,265,464,313,252,348,373,270,405,267,397,200,23,410,392,1
1642261,Dalton Knecht,Dalton,1610612747,LAL,25.0,11,9,2,0.818,5.7,1.0,1.9,0.524,0.7,1.2,0.615,0.2,0.2,1.0,0.1,0.8,0.9,0.5,0.4,0.2,0.2,0.1,0.5,0.2,2.9,-2.7,5.5,0,0,5.8,6.0,370,221,438,52,497,456,479,117,317,401,9,472,490,1,490,462,484,462,443,464,344,435,487,495,456,349,475,200,23,468,477,1
1629655,Daniel Gafford,Daniel,1610612742,DAL,27.0,17,4,13,0.235,22.4,5.3,7.7,0.687,0.0,0.0,0.0,2.3,3.9,0.582,3.4,4.4,7.7,1.4,0.8,0.8,1.1,1.0,2.6,3.4,12.9,-4.8,28.9,4,0,25.6,28.8,284,337,89,422,238,103,227,15,450,489,450,101,62,439,14,82,36,316,329,220,43,27,63,53,135,417,99,41,23,124,122,1
1642450,Daniss Jenkins,Daniss,1610612765,DET,24.0,28,20,8,0.714,25.5,3.8,9.6,0.39,1.1,2.9,0.366,2.7,3.1,0.864,0.9,2.1,3.0,4.9,2.0,0.9,0.3,1.1,1.6,2.8,11.3,2.9,23.6,2,0,22.5,27.5,13,15,235,114,174,213,153,434,247,259,197,77,95,125,219,309,295,51,78,180,266,18,282,89,174,119,173,71,23,173,141,1
1642874,Danny Wolf,Danny,1610612751,BKN,22.0,18,2,16,0.111,22.3,3.3,8.1,0.404,1.3,4.1,0.315,2.2,2.9,0.755,0.8,4.6,5.4,2.8,1.7,0.4,0.7,0.6,2.8,2.1,10.1,-6.9,22.5,1,0,21.8,24.5,268,433,50,486,239,256,209,413,206,172,315,111,110,289,230,68,98,155,109,352,101,146,36,138,221,465,193,106,23,183,187,1
1641727,Dariq Whitehead,Dariq,1610612763,MEM,21.0,6,0,6,0.0,30.5,6.2,15.5,0.398,3.2,10.0,0.317,0.8,1.2,0.714,0.3,3.7,4.0,1.5,1.7,0.7,0.0,0.7,2.2,0.8,16.3,-16.5,23.7,0,0,26.3,25.3,444,510,304,510,72,72,34,424,15,3,309,322,318,341,397,134,201,287,114,264,447,98,153,364,80,522,171,200,23,116,176,1
1642468,Darius Brown II,Darius,1610612739,CLE,26.0,1,1,0,1.0,2.7,0.0,1.0,0.0,0.0,0.0,0.0,0.0,0.0,0.0,0.0,1.0,1.0,0.0,0.0,0.0,0.0,0.0,0.0,0.0,0.0,-4.0,1.2,0,0,1.0,1.0,519,472,513,1,521,522,510,522,450,489,450,497,501,497,496,434,474,519,507,494,447,463,517,508,523,397,524,200,23,523,524,1
1629636,Darius Garland,Darius,1610612746,LAC,26.0,19,13,6,0.684,29.1,7.3,15.5,0.471,3.3,7.6,0.438,1.9,2.3,0.86,0.3,2.0,2.3,6.4,3.0,1.2,0.3,0.6,1.9,2.4,19.9,6.5,33.5,3,0,34.7,39.2,244,140,304,149,99,40,33,245,13,23,53,142,164,130,416,315,354,19,18,87,284,136,223,115,41,44,56,55,23,42,40,1
1631223,David Roddy,David,1610612743,DEN,25.0,5,4,1,0.8,14.6,3.0,6.0,0.5,0.6,2.2,0.273,1.4,1.4,1.0,1.6,2.4,4.0,0.8,0.4,0.8,0.2,0.4,1.4,1.2,8.0,1.0,16.6,1,0,15.4,16.6,463,337,474,57,375,282,299,158,339,317,385,210,270,1,88,265,201,423,434,208,327,223,335,288,289,197,306,106,23,317,328,1
1630558,Davion Mitchell,Davion,1610612748,MIA,27.0,24,12,12,0.5,28.0,4.1,7.7,0.53,1.5,3.8,0.385,0.3,0.5,0.583,0.6,2.4,3.0,5.4,1.4,0.7,0.2,0.2,2.3,0.9,9.9,0.3,23.0,1,0,21.6,26.5,107,158,108,294,121,181,226,109,166,186,165,453,436,437,302,264,282,43,170,248,322,361,107,351,227,232,184,106,23,192,154,1
1630549,Day'Ron Sharpe,Day'Ron,1610612751,BKN,24.0,11,2,9,0.182,19.6,4.2,7.4,0.568,0.2,0.6,0.286,1.1,1.6,0.667,2.8,3.5,6.3,2.6,2.2,1.0,0.5,0.7,2.6,1.5,9.6,-6.3,23.3,1,0,21.6,25.5,370,433,188,447,291,175,238,69,427,442,359,262,238,387,26,156,65,168,63,112,172,84,52,243,238,449,179,106,23,189,174,1
1628368,De'Aaron Fox,De'Aaron,1610612759,SAS,28.0,27,23,4,0.852,29.2,6.8,13.8,0.491,1.5,5.2,0.293,2.0,3.0,0.688,0.6,3.0,3.6,6.0,2.0,1.2,0.2,0.8,2.3,2.4,17.1,10.9,32.7,2,0,31.1,37.0,27,4,368,37,95,55,51,195,151,97,349,135,105,374,313,194,229,27,77,82,304,71,117,118,70,8,61,71,23,70,57,1
1629001,De'Anthony Melton,De'Anthony,1610612744,GSW,28.0,21,6,15,0.286,24.6,4.7,12.0,0.389,1.6,5.4,0.292,2.2,2.6,0.836,1.1,2.7,3.8,2.8,2.0,1.6,0.4,0.6,1.4,2.0,13.1,-5.9,25.8,0,0,25.3,28.5,199,279,65,392,195,140,86,437,140,88,351,117,130,169,158,225,217,150,75,27,176,137,343,141,132,443,135,200,23,126,126,1
201599,DeAndre Jordan,DeAndre,1610612740,NOP,37.0,10,6,4,0.6,17.6,1.7,2.7,0.63,0.0,0.0,0.0,1.0,1.5,0.667,2.2,4.4,6.6,1.1,0.8,0.4,1.0,0.4,1.5,1.1,4.4,2.5,17.4,0,0,14.9,17.4,389,279,368,215,334,401,443,41,450,489,450,269,254,387,41,79,57,364,315,374,47,223,307,320,407,129,295,200,23,330,315,1
1630610,DeJon Jarreau,DeJon,1610612763,MEM,28.0,11,2,9,0.182,21.0,3.0,7.5,0.398,0.4,2.7,0.133,1.6,2.1,0.783,1.1,3.5,4.6,3.3,2.4,0.9,0.7,0.5,2.5,1.7,8.0,-10.2,21.0,0,0,19.5,24.1,370,433,188,447,271,282,232,425,390,278,445,179,178,250,171,141,151,117,50,161,100,195,72,188,289,508,223,200,23,239,191,1
201942,DeMar DeRozan,DeMar,1610612758,SAC,36.0,21,8,13,0.381,28.2,6.1,12.2,0.504,0.3,1.2,0.24,5.1,5.9,0.878,0.3,2.0,2.3,5.0,1.6,0.7,0.4,0.5,1.7,3.8,17.7,-5.9,29.9,2,0,27.6,33.5,199,240,89,350,117,73,84,152,402,400,408,20,25,100,397,315,353,49,128,240,176,157,267,38,61,442,88,71,23,99,82,1
1629731,Dean Wade,Dean,1610612739,CLE,29.0,16,10,6,0.625,21.1,2.3,4.6,0.5,1.3,2.9,0.435,0.0,0.1,0.0,1.1,3.2,4.3,1.3,0.2,0.6,0.4,0.3,1.4,0.4,5.9,3.4,15.6,1,0,14.6,15.5,298,192,304,201,268,349,358,158,211,266,59,497,497,497,161,171,177,329,495,302,199,294,347,459,359,107,331,106,23,334,343,1
1629028,Deandre Ayton,Deandre,1610612747,LAL,27.0,26,18,8,0.692,25.4,4.8,7.3,0.661,0.0,0.0,0.0,1.5,2.3,0.644,2.6,4.5,7.2,0.7,0.8,0.5,1.0,0.3,1.9,1.8,11.1,0.9,24.3,5,0,21.8,24.0,54,41,235,139,177,135,243,28,450,489,450,201,163,410,30,69,47,439,327,348,47,297,215,179,182,205,164,31,23,182,195,1
1627749,Dejounte Murray,Dejounte,1610612740,NOP,29.0,14,5,9,0.357,27.8,6.3,13.0,0.484,1.4,4.4,0.306,2.8,3.2,0.867,0.3,5.1,5.4,6.4,3.4,1.6,0.2,0.4,2.4,2.2,16.7,1.4,34.9,1,0,33.5,40.4,331,311,188,356,125,64,64,212,190,146,329,74,91,120,432,50,99,20,9,18,319,256,104,131,75,177,50,106,23,54,38,1
1630166,Deni Avdija,Deni,1610612757,POR,25.0,20,13,7,0.65,31.1,6.9,15.0,0.462,1.2,4.9,0.235,7.1,8.8,0.801,1.1,5.2,6.2,6.9,3.8,0.7,0.7,0.9,2.3,6.3,22.0,1.7,39.9,5,0,38.8,45.8,228,140,267,190,59,47,40,272,234,113,411,6,4,222,179,45,69,14,4,273,107,47,115,5,24,163,30,31,23,26,21,1
203471,Dennis Schröder,Dennis,1610612739,CLE,32.0,26,17,9,0.654,21.6,2.8,6.6,0.419,0.6,1.8,0.34,2.2,2.5,0.862,0.4,1.8,2.2,4.4,1.5,0.7,0.2,0.5,1.5,2.0,8.3,-0.3,18.6,1,0,17.3,21.9,54,61,188,183,250,312,275,383,335,344,249,122,141,129,370,345,362,64,136,256,365,161,323,140,279,257,275,106,23,288,231,1
1642852,Derik Queen,Derik,1610612740,NOP,21.0,26,11,15,0.423,22.8,3.7,8.5,0.43,0.3,1.3,0.235,3.0,3.6,0.83,1.8,4.9,6.7,2.7,2.2,1.0,0.9,0.8,2.3,2.8,10.6,-3.1,26.4,4,0,24.3,28.6,54,177,65,337,232,224,188,361,398,393,410,65,74,186,73,57,54,164,58,109,68,73,125,91,203,368,129,41,23,144,124,1
1627884,Derrick Jones Jr.,Derrick,1610612746,LAC,29.0,28,16,12,0.571,28.7,3.9,8.3,0.472,1.0,3.0,0.325,1.4,1.9,0.755,1.6,2.6,4.2,1.5,0.8,0.9,0.9,0.4,2.1,1.9,10.2,4.6,22.2,1,0,20.5,22.9,13,82,108,244,111,205,203,241,272,255,290,207,207,289,94,233,188,287,309,152,66,234,160,168,218,72,196,106,23,218,213,1
1628401,Derrick White,Derrick,1610612738,BOS,31.0,25,19,6,0.76,33.8,5.1,12.5,0.407,2.4,7.2,0.331,2.3,2.5,0.919,1.3,3.1,4.4,5.0,1.6,1.0,1.0,0.2,1.4,2.4,14.8,8.7,32.1,0,0,30.7,35.3,81,27,304,80,18,117,73,407,52,30,282,105,149,63,124,186,164,50,120,107,47,402,332,119,98,18,71,200,23,74,65,1
1630217,Desmond Bane,Desmond,1610612753,ORL,28.0,29,17,12,0.586,32.9,7.1,14.1,0.507,2.2,5.3,0.425,4.4,5.0,0.877,1.1,2.9,4.0,4.0,1.7,1.3,0.3,0.8,3.1,3.4,20.9,2.9,35.1,0,0,34.5,38.0,1,61,108,231,28,41,47,144,68,91,83,31,36,102,168,208,201,78,118,58,218,64,18,56,29,117,49,200,23,44,48,1
1626164,Devin Booker,Devin,1610612756,PHX,29.0,21,10,11,0.476,32.8,9.0,19.8,0.457,2.3,6.3,0.364,7.5,8.4,0.892,0.6,3.0,3.7,5.5,2.8,0.6,0.3,1.1,2.4,7.4,27.9,2.1,40.4,1,0,41.0,45.1,199,192,138,315,32,13,5,290,63,54,200,3,8,87,304,191,223,37,23,297,266,22,90,2,6,148,28,106,23,18,22,1
1642269,Devin Carter,Devin,1610612758,SAC,24.0,18,7,11,0.389,24.0,4.3,10.1,0.431,1.2,3.7,0.318,2.2,3.4,0.656,1.3,3.2,4.5,3.5,1.9,1.2,0.2,0.4,1.4,3.1,12.1,-3.1,25.2,0,0,24.1,27.9,268,256,138,347,209,160,138,359,228,194,302,111,84,404,119,175,159,102,88,73,304,198,329,67,153,367,154,200,23,149,135,1
1630170,Devin Vassell,Devin,1610612759,SAS,25.0,26,22,4,0.846,30.0,4.7,10.2,0.464,2.7,6.2,0.435,1.5,1.9,0.76,0.8,3.5,4.3,2.8,0.9,0.8,0.3,0.3,1.4,1.2,13.6,10.0,25.5,1,0,25.7,26.9,54,5,368,39,82,136,137,267,35,57,59,201,204,283,253,146,181,156,285,185,252,322,341,281,119,12,148,106,23,122,152,1
1628415,Dillon Brooks,Dillon,1610612756,PHX,30.0,7,3,4,0.429,25.5,5.1,13.6,0.379,1.6,4.4,0.355,1.3,2.0,0.643,0.7,2.6,3.3,1.6,1.3,0.7,0.1,0.3,2.6,1.9,13.1,-3.4,20.7,0,0,21.3,22.1,429,387,368,333,171,112,56,449,140,146,221,228,186,411,271,245,257,277,190,240,374,312,65,168,130,380,225,200,23,199,227,1
1641794,Dillon Jones,Dillon,1610612752,NYK,24.0,3,1,2,0.333,6.1,0.3,1.3,0.25,0.0,0.7,0.0,0.0,0.0,0.0,0.0,0.7,0.7,0.3,0.0,0.3,0.0,0.0,1.0,0.0,0.7,3.3,3.0,0,0,2.3,3.0,494,472,438,360,490,511,502,511,450,437,450,497,501,497,496,479,499,491,507,399,447,463,403,508,518,109,511,200,23,513,512,1
1631230,Dominick Barlow,Dominick,1610612755,PHI,23.0,28,15,13,0.536,23.5,2.5,4.9,0.504,0.1,0.7,0.158,1.3,2.0,0.649,1.3,3.1,4.5,1.3,0.8,0.8,1.0,0.3,2.3,1.5,6.4,0.8,18.0,0,0,15.6,18.5,13,97,89,279,222,333,351,153,440,436,441,224,185,408,123,179,163,329,332,226,59,288,121,228,346,211,283,200,23,313,295,1
1642270,Donovan Clingan,Donovan,1610612757,POR,22.0,25,14,11,0.56,26.4,4.9,9.6,0.51,1.3,3.5,0.379,2.0,3.0,0.689,4.1,7.7,11.8,2.2,1.6,0.8,2.2,0.6,2.4,2.6,13.2,0.6,38.1,16,0,34.5,38.4,81,120,138,259,151,129,149,140,196,212,171,134,107,372,5,8,4,202,123,208,2,125,86,105,128,221,36,5,23,43,46,1
1628378,Donovan Mitchell,Donovan,1610612739,CLE,29.0,19,13,6,0.684,32.8,8.5,18.1,0.472,2.1,6.5,0.315,5.8,6.5,0.895,0.5,4.1,4.6,5.1,2.1,1.3,0.3,0.8,2.0,4.5,24.9,3.5,40.7,1,0,39.8,44.4,244,140,304,149,30,16,14,238,83,49,316,11,19,78,354,96,155,48,74,57,284,68,187,24,14,99,24,106,23,21,28,1
1628978,Donte DiVincenzo,Donte,1610612750,MIN,29.0,26,15,11,0.577,28.8,3.7,9.5,0.393,2.8,7.6,0.371,0.7,0.9,0.708,0.4,2.8,3.3,3.0,1.3,1.0,0.3,0.2,2.0,1.5,10.9,0.9,22.0,0,0,22.7,24.2,54,97,138,238,110,216,157,432,22,24,190,366,358,352,370,215,258,128,184,142,215,378,185,239,192,205,200,200,23,170,190,1
1627827,Dorian Finney-Smith,Dorian,1610612745,HOU,33.0,17,10,7,0.588,17.9,1.4,3.8,0.369,0.8,2.8,0.298,0.2,0.2,0.75,1.1,1.6,2.7,1.2,0.6,0.5,0.1,0.2,1.6,0.2,3.8,0.2,10.2,0,0,9.9,10.9,284,192,267,229,329,424,393,465,299,272,345,473,481,293,177,360,323,338,367,320,395,390,276,497,431,237,407,200,23,409,409,1
203926,Doug McDermott,Doug,1610612758,SAC,34.0,18,7,11,0.389,18.2,2.2,5.6,0.386,1.9,4.8,0.395,0.4,0.5,0.889,0.3,1.3,1.6,1.1,0.4,0.2,0.2,0.1,1.2,0.3,6.7,-3.5,11.0,0,0,12.0,11.6,268,256,138,347,322,361,318,443,98,119,145,420,436,90,397,407,422,372,440,452,357,453,383,481,335,383,401,200,23,374,399,1
1642962,Drake Powell,Drake,1610612751,BKN,20.0,21,4,17,0.19,24.6,2.6,7.1,0.362,0.9,3.6,0.253,1.0,1.0,0.909,0.4,1.5,1.9,1.2,0.9,0.7,0.3,0.5,1.4,0.8,7.0,-11.2,13.4,0,0,13.1,14.5,199,337,42,442,191,325,253,474,286,200,394,298,332,70,388,379,404,335,292,240,219,183,343,379,322,516,362,200,23,361,356,1
203110,Draymond Green,Draymond,1610612744,GSW,36.0,22,6,16,0.273,29.1,2.8,6.7,0.419,1.4,4.4,0.323,0.8,1.2,0.692,1.0,4.1,5.0,6.3,2.5,1.0,0.6,0.1,2.5,1.5,7.9,-6.7,25.7,0,0,23.8,30.3,170,279,50,398,98,306,269,382,174,153,295,328,317,366,208,97,119,21,42,112,127,435,72,222,298,459,140,200,23,153,109,1
1629234,Drew Eubanks,Drew,1610612758,SAC,29.0,10,3,7,0.3,12.3,2.4,4.2,0.571,0.0,0.2,0.0,0.8,1.4,0.571,1.2,3.1,4.3,1.0,0.5,0.3,0.7,0.5,1.6,1.1,5.6,-4.1,14.8,1,0,12.9,14.9,389,387,267,381,412,336,380,64,450,469,450,330,270,444,144,188,179,375,400,421,102,161,283,320,370,401,342,106,23,363,352,1
1631166,Drew Timme,Drew,1610612747,LAL,25.0,9,8,1,0.889,9.5,1.3,2.2,0.6,0.4,0.9,0.5,0.1,0.2,0.5,0.2,0.9,1.1,0.9,0.8,0.1,0.0,0.0,1.1,0.3,3.2,-4.4,5.4,0,0,5.9,6.4,407,240,474,28,447,429,464,53,376,421,15,489,483,459,457,455,469,402,323,485,447,463,389,467,444,408,476,200,23,466,468,1
1630696,Dru Smith,Dru,1610612748,MIA,28.0,15,10,5,0.667,12.9,1.5,3.3,0.44,0.2,1.0,0.2,0.7,0.9,0.769,0.9,1.1,2.0,1.9,0.5,1.3,0.3,0.3,1.7,0.9,3.8,-2.8,13.1,0,0,10.9,14.1,313,192,336,155,400,421,415,339,418,410,426,353,366,270,212,433,389,237,396,63,281,323,267,348,432,356,369,200,23,393,363,1
1629130,Duncan Robinson,Duncan,1610612765,DET,32.0,26,19,7,0.731,26.0,4.1,8.5,0.486,2.7,6.3,0.433,1.1,1.4,0.784,0.4,2.2,2.6,2.5,0.7,0.4,0.2,0.2,2.2,1.2,12.1,8.4,20.2,0,0,21.2,21.6,54,27,267,106,161,180,192,204,30,51,67,258,269,249,370,296,330,179,351,366,303,348,135,307,152,22,239,200,23,202,240,1
203939,Dwight Powell,Dwight,1610612742,DAL,34.0,23,6,17,0.261,15.8,1.2,1.8,0.667,0.1,0.2,0.4,1.7,2.2,0.76,1.9,3.1,5.0,1.3,0.9,0.6,0.4,0.2,2.6,1.7,4.2,-4.6,14.1,2,0,12.5,14.7,140,279,42,404,361,443,482,21,443,468,131,176,172,283,68,184,122,322,277,300,192,392,56,186,415,412,353,71,23,367,354,1
1642928,Dylan Cardwell,Dylan,1610612758,SAC,24.0,15,6,9,0.4,19.4,2.5,4.5,0.567,0.1,0.2,0.667,0.3,0.7,0.364,3.7,3.5,7.3,1.7,1.0,0.5,1.3,0.3,3.5,1.1,5.5,-3.2,21.4,0,0,18.3,21.8,313,279,188,339,297,328,366,70,436,469,5,457,395,486,9,143,44,259,237,317,19,266,5,312,377,373,215,200,23,268,234,1
1642844,Dylan Harper,Dylan,1610612759,SAS,20.0,26,22,4,0.846,24.0,5.5,9.7,0.566,1.3,2.7,0.479,1.0,1.3,0.771,1.0,2.5,3.4,4.2,1.6,0.7,0.3,0.7,2.3,1.2,13.3,4.6,25.1,0,0,24.2,28.1,54,5,368,39,208,94,148,72,199,277,26,267,281,268,205,259,241,69,127,256,215,104,111,291,125,69,155,200,23,145,133,1
1630700,Dyson Daniels,Dyson,1610612737,ATL,23.0,23,18,5,0.783,32.2,5.6,9.9,0.564,0.5,1.8,0.286,0.8,1.3,0.613,2.9,4.8,7.7,5.3,1.3,2.3,0.4,0.4,2.2,1.4,12.5,12.7,36.3,8,1,31.3,38.8,140,41,336,68,42,92,143,74,355,342,359,325,280,421,24,59,35,46,174,3,192,204,151,245,142,2,39,21,10,67,42,1
1630604,E.J. Liddell,E.J.,1610612751,BKN,25.0,16,4,12,0.25,18.8,2.9,5.9,0.489,0.9,2.6,0.341,1.2,1.4,0.826,0.7,2.9,3.6,1.5,0.9,0.3,0.6,0.4,2.6,1.6,7.8,-3.1,16.3,1,0,15.7,17.3,298,337,108,408,312,302,305,197,290,296,246,242,264,189,280,203,227,287,267,417,113,243,68,208,299,369,312,106,23,311,318,1
1642856,Egor Dëmin,Egor,1610612751,BKN,20.0,6,0,6,0.0,26.2,2.3,7.2,0.326,1.3,4.8,0.276,0.7,1.2,0.571,0.0,3.5,3.5,3.5,0.7,0.8,0.5,0.3,1.8,1.3,6.7,-9.3,19.5,0,0,17.7,21.2,444,510,304,510,153,342,248,495,193,115,381,353,318,444,496,146,233,102,356,188,154,266,235,264,335,500,262,200,23,280,250,1
1641989,Elijah Harkless,Elijah,1610612762,UTA,26.0,19,3,16,0.158,25.2,2.6,7.9,0.333,1.0,4.3,0.235,2.2,2.9,0.764,0.4,2.1,2.5,3.7,1.2,1.4,0.3,0.5,2.2,3.2,8.5,-2.8,21.0,1,0,19.1,23.5,244,387,50,462,179,319,216,487,250,156,412,114,112,280,373,310,343,95,206,47,248,154,139,61,272,353,224,106,23,249,201,1
1642402,Enrique Freeman,Enrique,1610612750,MIN,25.0,2,2,0,1.0,14.6,2.0,4.0,0.5,1.0,2.0,0.5,1.5,2.0,0.75,1.0,2.5,3.5,1.0,1.0,1.0,1.0,0.5,2.5,2.0,6.5,10.0,17.2,0,0,16.0,18.0,508,433,513,1,374,372,387,158,250,327,15,195,186,293,183,254,233,375,237,112,47,161,77,141,340,11,300,200,23,305,304,1
1630679,Ethan Thompson,Ethan,1610612754,IND,27.0,10,3,7,0.3,30.1,3.5,9.4,0.372,1.7,5.0,0.34,2.6,3.1,0.839,0.6,2.3,2.9,2.5,1.3,0.7,0.3,0.8,2.6,2.7,11.3,1.7,20.2,0,0,20.4,22.2,389,387,267,381,81,234,161,461,125,104,252,82,98,164,310,282,309,177,187,253,258,62,58,96,172,163,238,200,23,220,225,1
1630596,Evan Mobley,Evan,1610612739,CLE,25.0,23,15,8,0.652,29.2,7.7,12.7,0.612,0.6,2.2,0.275,2.5,4.6,0.552,2.6,6.9,9.5,2.8,1.5,0.4,1.3,0.7,2.3,3.8,18.6,3.4,38.0,10,0,35.0,39.0,140,97,235,187,94,24,71,50,336,316,383,89,46,451,31,14,13,154,152,355,18,91,112,40,52,103,37,9,23,41,41,1
1630532,Franz Wagner,Franz,1610612753,ORL,24.0,6,4,2,0.667,21.3,6.5,13.2,0.494,1.0,4.0,0.25,3.2,4.0,0.792,0.3,2.3,2.7,2.0,1.7,0.3,0.3,1.2,1.5,3.5,17.2,7.3,23.7,0,0,24.2,25.8,444,337,438,155,258,59,62,187,250,174,395,60,60,239,397,276,328,217,114,399,219,17,307,49,69,35,172,200,23,147,170,1
1641713,GG Jackson,GG,1610612763,MEM,21.0,22,5,17,0.227,25.5,6.6,13.0,0.507,1.4,4.2,0.337,3.1,4.2,0.742,1.4,3.9,5.3,1.9,2.4,0.4,1.0,1.1,1.0,3.0,17.7,-3.8,28.9,1,0,29.2,31.1,170,311,42,427,170,58,64,145,174,165,258,62,53,316,117,113,107,238,50,373,44,23,403,76,60,394,100,106,23,87,102,1
1629216,Gabe Vincent,Gabe,1610612737,ATL,30.0,23,19,4,0.826,13.1,1.3,3.5,0.375,0.9,2.9,0.318,0.4,0.5,0.833,0.4,0.7,1.1,1.5,0.7,0.4,0.1,0.2,1.1,0.7,4.0,1.1,8.5,0,0,8.6,9.7,140,27,368,50,395,433,406,454,284,267,302,425,435,172,386,473,468,284,364,355,426,392,393,385,422,193,433,200,23,430,426,1
202066,Garrett Temple,Garrett,1610612761,TOR,40.0,9,5,4,0.556,4.1,0.3,0.9,0.375,0.2,0.8,0.286,0.6,0.8,0.714,0.1,0.4,0.6,0.6,0.4,0.1,0.1,0.0,0.3,0.6,1.4,2.4,3.2,0,0,3.2,3.8,407,311,368,262,511,511,517,454,413,426,359,385,388,341,486,502,510,460,426,485,398,463,496,418,499,132,509,200,23,509,506,1
203914,Gary Harris,Gary,1610612749,MIL,31.0,10,1,9,0.1,10.8,1.3,3.0,0.433,0.8,2.1,0.381,0.0,0.0,0.0,0.3,0.4,0.7,1.0,0.3,0.6,0.3,0.1,1.0,0.1,3.4,-5.5,8.1,0,0,7.7,8.8,389,472,188,494,434,434,426,354,301,321,169,497,501,497,424,506,497,375,467,284,258,428,403,506,439,433,439,200,23,440,440,1
1627780,Gary Payton II,Gary,1610612744,GSW,33.0,23,7,16,0.304,21.2,5.4,8.5,0.641,0.7,2.6,0.271,0.8,1.1,0.692,1.9,2.9,4.7,2.0,0.8,1.6,0.2,0.2,2.2,1.3,12.3,-0.4,25.4,1,0,23.2,26.2,140,256,50,380,260,98,191,35,319,294,386,336,322,366,68,211,138,229,306,29,352,355,137,276,143,264,150,106,23,163,161,1
1629018,Gary Trent Jr.,Gary,1610612749,MIL,27.0,18,4,14,0.222,15.0,2.8,7.1,0.394,1.7,4.9,0.348,0.4,0.6,0.727,0.1,0.7,0.8,0.6,0.8,0.4,0.0,0.3,1.2,0.8,7.7,-3.7,9.9,0,0,11.6,10.8,268,337,78,428,369,311,255,429,120,110,235,420,416,325,486,475,485,460,298,381,447,266,375,375,303,391,412,200,23,381,411,1
203507,Giannis Antetokounmpo,Giannis,1610612749,MIL,31.0,6,2,4,0.333,27.2,9.8,18.5,0.532,0.0,1.2,0.0,6.0,9.8,0.61,2.3,6.2,8.5,4.7,2.5,1.2,0.3,1.3,1.3,8.0,25.7,-3.3,44.9,2,0,41.8,48.0,444,433,368,360,139,5,13,106,450,402,450,10,1,423,35,20,25,60,34,85,219,9,355,1,13,375,10,71,23,14,10,1
1629048,Goga Bitadze,Goga,1610612753,ORL,26.0,22,12,10,0.545,13.6,2.2,3.4,0.653,0.0,0.0,0.0,1.4,2.0,0.689,2.2,2.7,4.9,1.6,1.0,0.3,0.5,0.3,2.2,1.9,5.9,0.5,15.8,2,0,14.1,16.5,170,158,162,268,386,356,408,30,450,486,450,209,182,373,38,224,130,274,259,413,141,318,146,158,360,226,326,71,23,345,329,1
1641711,Gradey Dick,Gradey,1610612761,TOR,22.0,21,11,10,0.524,8.7,1.7,4.2,0.404,0.4,1.6,0.242,0.7,0.8,0.882,0.3,1.0,1.3,0.7,0.5,0.4,0.1,0.3,1.0,0.7,4.5,2.6,8.1,0,0,7.9,8.7,199,177,162,287,454,398,378,412,386,360,407,347,378,94,397,451,453,442,398,358,416,266,401,396,402,126,441,200,23,437,441,1
1641761,Grant Nelson,Grant,1610612751,BKN,24.0,4,0,4,0.0,8.8,1.3,2.3,0.556,0.0,0.0,0.0,1.8,2.5,0.7,0.3,1.3,1.5,1.3,1.0,0.3,1.3,0.5,1.5,2.0,4.3,-1.8,11.4,0,0,10.0,12.8,478,510,368,510,453,438,463,78,450,489,450,166,141,358,445,409,430,329,237,433,23,161,307,141,411,322,390,200,23,407,383,1
1629684,Grant Williams,Grant,1610612766,CHA,27.0,22,15,7,0.682,20.2,2.3,4.9,0.472,1.7,3.7,0.463,1.0,1.2,0.815,1.3,2.6,3.9,1.5,1.0,0.5,0.6,0.1,1.6,1.2,7.4,6.3,16.8,0,0,16.8,17.8,170,97,267,151,282,347,350,239,118,190,36,269,313,205,126,241,211,281,259,324,109,415,277,295,313,47,305,200,23,294,310,1
1628960,Grayson Allen,Grayson,1610612756,PHX,30.0,16,7,9,0.438,25.5,4.5,12.3,0.367,2.6,8.6,0.304,3.7,4.2,0.881,0.8,2.3,3.1,3.4,1.5,1.2,0.2,0.3,2.4,3.3,15.3,-2.1,26.8,0,0,27.2,29.4,298,256,188,328,173,149,81,466,38,9,332,47,54,97,256,281,275,111,138,81,340,327,100,60,93,334,124,200,23,105,114,1
1627824,Guerschon Yabusele,Guerschon,1610612741,CHI,30.0,22,6,16,0.273,24.3,3.0,7.5,0.404,1.8,4.7,0.375,2.0,2.6,0.776,1.2,4.7,5.9,1.8,1.0,0.7,0.4,0.3,1.5,1.8,9.9,-5.7,22.0,3,0,21.6,22.8,170,279,50,398,203,279,232,415,112,123,177,130,128,264,142,63,79,256,230,235,183,318,300,175,228,440,199,55,23,189,216,1
1630611,Gui Santos,Gui,1610612744,GSW,24.0,24,7,17,0.292,31.3,5.6,11.5,0.487,1.7,5.1,0.336,2.6,3.3,0.775,1.6,4.1,5.7,3.9,2.5,1.3,0.3,1.0,3.0,2.9,15.5,-0.3,30.6,2,0,30.1,34.0,107,256,42,391,56,88,105,200,123,100,259,84,88,265,93,95,83,86,34,59,219,41,20,83,90,258,80,71,23,79,75,1
203084,Harrison Barnes,Harrison,1610612759,SAS,34.0,23,19,4,0.826,21.1,3.0,6.0,0.496,1.6,3.7,0.43,1.0,1.2,0.786,0.7,1.6,2.3,1.5,0.5,0.6,0.0,0.3,0.8,1.2,8.5,5.9,15.0,0,0,15.2,15.8,140,27,368,50,265,294,301,182,136,189,72,296,314,244,266,374,357,284,417,283,443,326,446,298,271,54,339,200,23,322,341,1
1631127,Harrison Ingram,Harrison,1610612759,SAS,23.0,3,3,0,1.0,4.4,0.7,0.7,1.0,0.0,0.0,0.0,0.0,0.0,0.0,0.0,0.0,0.0,0.3,0.3,0.0,0.0,0.0,0.0,0.3,1.3,-3.7,1.5,0,0,1.7,2.0,494,387,513,1,509,487,520,1,450,489,450,497,501,497,496,518,518,491,451,494,447,463,517,467,502,388,522,200,23,520,518,1
1643060,Hayden Gray,Hayden,1610612762,UTA,23.0,1,0,1,0.0,24.8,2.0,3.0,0.667,0.0,1.0,0.0,2.0,2.0,1.0,0.0,0.0,0.0,1.0,1.0,1.0,1.0,0.0,0.0,1.0,6.0,-18.0,12.5,0,0,11.0,14.0,519,510,474,510,189,372,426,21,450,410,450,136,186,1,496,518,518,375,237,112,47,463,517,328,350,524,376,200,23,390,365,1
1629312,Haywood Highsmith,Haywood,1610612756,PHX,29.0,7,4,3,0.571,13.0,1.7,3.3,0.522,1.1,2.0,0.571,0.9,1.0,0.857,0.9,1.0,1.9,1.0,0.0,0.6,0.0,0.3,1.3,0.7,5.4,1.4,10.9,0,0,10.6,11.0,429,337,405,244,398,398,418,119,235,327,10,316,337,132,224,434,405,375,507,297,447,312,366,390,378,177,402,200,23,397,407,1
1630529,Herbert Jones,Herbert,1610612740,NOP,27.0,23,10,13,0.435,27.8,3.2,8.7,0.37,1.6,5.0,0.313,0.8,1.0,0.864,0.7,2.4,3.1,3.0,1.3,1.5,0.5,0.4,3.1,1.1,8.8,0.3,21.8,0,0,20.5,23.9,140,192,89,329,126,262,183,463,143,104,318,325,353,125,266,269,266,143,194,37,164,236,15,313,256,235,208,200,23,219,198,1
1642864,Hugo González,Hugo,1610612738,BOS,20.0,25,19,6,0.76,13.6,1.7,3.3,0.506,0.7,1.6,0.425,0.1,0.2,0.6,0.8,2.5,3.3,0.5,0.4,0.5,0.4,0.4,1.5,0.5,4.2,0.1,11.1,1,0,10.4,11.1,81,27,304,80,387,405,416,149,324,357,81,488,486,427,238,252,255,478,447,322,207,254,317,436,417,241,398,106,23,401,406,1
1630621,Hunter Dickinson,Hunter,1610612740,NOP,25.0,4,1,3,0.25,9.4,1.0,3.0,0.333,0.0,1.0,0.0,0.5,0.5,1.0,0.5,0.8,1.3,0.5,0.3,0.3,0.3,0.0,1.0,0.3,2.5,-6.3,6.0,0,0,5.3,6.3,478,472,405,408,448,456,426,487,450,410,450,395,436,1,336,469,456,468,476,433,288,463,403,486,467,448,467,200,23,474,471,1
1630193,Immanuel Quickley,Immanuel,1610612761,TOR,27.0,18,10,8,0.556,30.4,5.1,11.7,0.436,2.2,6.1,0.355,2.3,2.7,0.875,0.5,2.6,3.1,5.6,1.1,1.6,0.0,0.4,1.8,2.3,14.7,2.1,30.3,2,0,28.6,33.6,268,192,235,262,74,115,97,348,77,62,222,97,125,103,336,247,276,36,226,30,447,237,251,121,99,147,83,71,23,94,81,1
1642403,Isaac Jones,Isaac,1610612765,DET,25.0,3,3,0,1.0,5.8,0.3,1.0,0.333,0.0,0.0,0.0,0.7,0.7,1.0,0.0,1.0,1.0,0.0,0.3,0.0,0.3,0.3,0.0,1.0,1.3,-3.3,3.2,0,0,3.0,3.3,494,387,513,1,494,511,510,487,450,489,450,353,404,1,496,434,474,519,451,494,219,266,517,328,502,375,508,200,23,511,511,1
1630171,Isaac Okoro,Isaac,1610612741,CHI,25.0,17,3,14,0.176,29.3,3.6,8.1,0.445,1.5,4.3,0.342,1.7,2.1,0.806,1.1,1.9,3.0,1.7,0.9,0.9,0.4,0.4,2.8,1.6,10.4,-10.3,19.3,0,0,19.0,20.5,284,387,78,456,93,228,212,321,164,154,243,170,176,216,163,336,285,263,264,171,210,220,39,203,214,509,265,200,23,250,265,1
1642268,Isaiah Collier,Isaiah,1610612762,UTA,21.0,11,1,10,0.091,26.5,6.3,13.6,0.46,0.5,2.3,0.2,4.2,5.2,0.807,0.2,2.1,2.3,6.1,2.5,1.6,0.5,1.3,2.1,3.9,17.2,-10.6,33.0,1,0,30.4,38.2,370,472,162,497,148,65,55,282,374,310,426,33,34,213,471,305,359,26,30,19,141,12,173,36,68,510,59,106,23,78,47,1
1642384,Isaiah Crawford,Isaiah,1610612745,HOU,24.0,9,6,3,0.667,7.1,0.8,2.0,0.389,0.2,1.0,0.222,0.6,0.7,0.833,0.3,1.2,1.6,0.3,0.4,0.0,0.1,0.2,0.4,0.7,2.3,-2.6,4.6,0,0,4.7,4.9,407,279,405,155,475,478,471,437,413,410,416,385,404,172,397,414,425,491,426,494,398,350,489,396,475,343,489,200,23,486,490,1
1628392,Isaiah Hartenstein,Isaiah,1610612760,OKC,28.0,17,16,1,0.941,21.5,2.9,5.0,0.588,0.0,0.1,0.0,0.8,1.6,0.5,3.0,6.0,9.0,3.5,1.1,1.0,0.9,0.3,2.2,1.5,6.7,8.4,27.4,2,0,23.1,28.5,284,82,474,18,254,296,341,59,450,480,450,327,236,459,21,23,19,108,218,112,65,310,150,224,333,21,116,71,23,165,128,1
1630543,Isaiah Jackson,Isaiah,1610612746,LAC,24.0,16,11,5,0.688,16.5,3.3,4.4,0.757,0.0,0.1,0.0,1.0,1.8,0.571,1.7,3.2,4.9,1.3,0.9,0.6,1.3,0.3,2.4,1.1,7.6,2.2,20.1,1,0,17.6,20.8,298,177,336,147,348,250,372,4,450,478,450,269,221,444,80,171,132,321,267,277,23,327,88,315,305,141,241,106,23,281,257,1
1630198,Isaiah Joe,Isaiah,1610612760,OKC,26.0,24,22,2,0.917,21.4,3.9,8.2,0.48,2.8,6.4,0.438,1.5,1.6,0.921,0.5,2.2,2.6,1.2,0.7,0.9,0.1,0.2,1.6,1.6,12.1,7.2,19.2,0,0,20.6,19.9,107,5,438,20,257,203,206,220,26,50,52,203,245,62,359,300,329,355,356,174,427,361,280,214,150,39,267,200,23,217,271,1
1630587,Isaiah Livers,Isaiah,1610612756,PHX,27.0,7,3,4,0.429,7.7,0.0,1.7,0.0,0.0,0.7,0.0,0.3,0.3,1.0,0.3,0.4,0.7,0.1,0.0,0.1,0.0,0.4,0.1,0.1,0.3,-2.6,1.8,0,0,1.4,1.7,429,387,368,333,468,522,490,522,450,433,450,454,475,1,432,503,494,514,507,475,447,207,514,501,522,344,518,200,23,521,521,1
1630191,Isaiah Stewart,Isaiah,1610612765,DET,25.0,10,6,4,0.6,20.1,3.8,6.3,0.603,0.6,1.4,0.429,2.0,2.7,0.741,1.8,2.5,4.3,1.1,1.1,0.3,1.1,0.2,2.3,2.8,10.2,-1.0,20.1,0,0,19.0,20.9,389,279,368,215,284,211,291,52,339,378,74,136,122,317,75,254,179,364,220,421,39,365,115,88,217,292,242,200,23,250,253,1
1627826,Ivica Zubac,Ivica,1610612754,IND,29.0,5,0,5,0.0,23.6,5.0,10.6,0.472,0.0,0.0,0.0,1.6,2.0,0.8,2.8,4.4,7.2,1.8,0.8,0.4,0.8,1.0,1.6,2.4,11.6,-8.8,25.7,0,0,23.0,26.0,463,510,336,510,219,122,123,242,450,489,450,183,186,223,27,79,45,247,315,374,81,27,283,116,167,490,137,200,23,166,167,1
1631120,JD Davison,JD,1610612745,HOU,23.0,4,4,0,1.0,10.1,1.0,3.3,0.308,0.0,1.3,0.0,2.0,2.5,0.8,0.3,3.0,3.3,2.3,0.0,0.3,0.5,0.5,0.3,1.5,4.0,5.3,13.5,0,0,11.0,14.0,478,337,513,1,440,456,419,500,450,397,450,136,141,223,445,194,259,195,507,433,154,161,504,228,420,58,360,200,23,390,365,1
1642266,Ja'Kobe Walter,Ja'Kobe,1610612761,TOR,21.0,27,14,13,0.519,24.0,3.1,6.6,0.466,2.2,4.7,0.476,1.3,1.7,0.778,0.9,2.3,3.2,1.5,0.4,1.2,0.2,0.3,2.6,1.4,9.7,3.8,19.6,0,0,19.4,20.1,27,120,89,291,211,276,278,258,72,127,29,227,230,255,214,283,261,286,426,82,304,266,62,259,235,92,254,200,23,242,269,1
1631095,Jabari Smith Jr.,Jabari,1610612745,HOU,23.0,25,16,9,0.64,35.3,6.2,13.1,0.474,2.5,6.7,0.371,2.1,2.7,0.776,1.0,5.4,6.5,1.9,1.5,0.6,0.8,0.8,2.4,2.3,17.0,3.6,30.4,2,0,30.7,31.5,81,82,188,194,9,70,63,232,47,44,189,128,124,263,182,37,59,235,151,284,75,55,86,126,72,96,82,71,23,75,99,1
1631133,Jabari Walker,Jabari,1610612755,PHI,23.0,19,10,9,0.526,11.5,2.1,3.6,0.565,0.8,1.7,0.469,0.9,1.3,0.75,1.1,1.7,2.8,0.7,0.5,0.4,0.1,0.3,1.6,0.9,5.8,-1.1,11.2,1,0,11.1,11.5,244,192,188,284,422,371,403,73,305,352,34,300,302,293,167,350,312,440,397,388,410,324,292,355,361,300,396,106,23,389,402,1
1630702,Jaden Hardy,Jaden,1610612764,WAS,23.0,22,2,20,0.091,20.7,4.6,10.4,0.443,2.5,6.0,0.414,1.0,1.5,0.667,0.2,1.5,1.7,1.3,1.5,0.3,0.2,0.5,2.3,1.4,12.7,-5.3,16.6,0,0,19.1,18.4,170,433,12,497,275,142,130,331,45,65,104,269,254,387,471,381,416,326,132,413,344,161,124,261,137,428,307,200,23,248,296,1
1630183,Jaden McDaniels,Jaden,1610612750,MIN,25.0,19,12,7,0.632,30.7,5.8,11.5,0.507,1.1,3.5,0.299,1.7,2.2,0.805,0.7,3.5,4.2,2.3,2.0,1.5,1.0,0.5,3.4,1.8,14.5,-4.9,28.5,0,0,27.1,30.8,244,158,267,199,67,83,106,146,248,202,343,169,174,218,282,154,190,192,79,36,47,185,7,172,105,421,103,200,23,107,104,1
1630256,Jae'Sean Tate,Jae'Sean,1610612745,HOU,30.0,14,10,4,0.714,9.9,1.4,2.6,0.528,0.2,0.7,0.3,0.2,0.3,0.75,0.8,1.1,1.9,0.6,0.4,0.1,0.0,0.2,0.9,0.4,3.1,2.0,6.3,0,0,6.1,6.7,331,192,368,114,441,427,452,114,417,433,338,468,475,293,246,431,405,450,430,475,447,357,432,462,448,151,463,200,23,461,464,1
1642942,Jahmai Mashack,Jahmai,1610612763,MEM,23.0,19,4,15,0.211,28.0,3.0,7.8,0.383,0.6,2.7,0.231,1.0,1.8,0.543,1.0,2.4,3.4,3.0,2.1,1.1,0.7,0.5,2.8,1.7,7.6,-9.4,19.3,2,1,18.2,22.3,244,337,65,431,122,282,217,446,332,276,413,269,210,453,183,263,242,131,70,101,104,185,34,187,304,501,263,71,10,272,223,1
1642443,Jahmir Young,Jahmir,1610612748,MIA,25.0,6,4,2,0.667,2.4,0.5,1.0,0.5,0.2,0.3,0.5,0.2,0.2,1.0,0.0,0.0,0.0,0.5,0.2,0.0,0.0,0.0,0.5,0.2,1.3,2.7,1.9,0,0,2.0,2.3,444,337,438,155,523,498,510,158,430,457,15,475,491,1,496,518,518,468,499,494,447,463,477,498,502,122,517,200,23,516,517,1
1631170,Jaime Jaquez Jr.,Jaime,1610612748,MIA,25.0,24,14,10,0.583,27.0,6.3,12.2,0.512,1.3,3.4,0.383,1.8,2.2,0.83,1.2,2.9,4.1,4.6,1.5,0.3,0.3,1.1,1.5,1.8,15.6,1.0,27.7,1,0,26.8,30.7,107,120,162,235,143,68,82,138,201,222,167,156,169,184,153,206,198,61,135,399,288,25,327,174,86,203,112,106,23,109,105,1
1631222,Jake LaRavia,Jake,1610612747,LAL,24.0,28,20,8,0.714,21.8,2.1,4.8,0.44,0.6,2.0,0.304,1.0,1.3,0.757,1.5,2.4,3.9,1.5,0.8,1.1,0.4,0.4,2.6,1.2,5.8,3.7,16.5,0,0,14.9,17.3,13,15,235,114,246,369,353,338,338,327,334,269,292,287,101,268,214,299,309,90,176,207,49,297,362,94,308,200,23,331,316,1
1627751,Jakob Poeltl,Jakob,1610612761,TOR,30.0,24,13,11,0.542,24.9,5.2,7.3,0.71,0.0,0.0,0.0,1.3,2.0,0.612,2.3,4.2,6.5,2.0,1.0,1.0,0.9,0.3,3.2,2.0,11.7,2.5,27.1,5,0,23.9,27.8,107,140,138,275,186,108,239,12,450,489,450,230,183,422,36,94,60,217,257,112,74,327,12,141,166,129,121,31,23,152,136,1
1628973,Jalen Brunson,Jalen,1610612752,NYK,29.0,24,16,8,0.667,35.9,8.7,18.8,0.461,2.0,5.8,0.355,4.6,5.6,0.828,0.2,3.2,3.4,8.3,2.7,0.9,0.1,0.5,2.3,5.4,24.0,3.4,40.7,6,0,39.7,46.9,107,82,235,155,5,15,10,275,85,74,220,29,29,187,461,175,245,6,24,174,388,161,130,13,17,104,23,26,23,22,17,1
1631105,Jalen Duren,Jalen,1610612765,DET,22.0,26,18,8,0.692,29.2,8.4,12.4,0.678,0.0,0.0,0.0,5.8,7.6,0.758,4.0,6.8,10.7,2.3,1.8,0.7,1.0,1.1,2.7,5.1,22.6,7.7,42.1,17,0,38.9,42.9,54,41,235,139,97,18,76,20,450,489,450,13,10,286,7,16,7,189,102,270,61,20,45,16,20,33,17,3,23,25,30,1
1630224,Jalen Green,Jalen,1610612756,PHX,24.0,25,12,13,0.48,28.9,7.6,17.8,0.424,2.3,7.6,0.305,2.2,3.0,0.73,0.6,3.5,4.0,3.0,2.5,1.2,0.3,1.3,1.5,2.8,19.6,-1.1,31.1,0,0,32.1,34.3,81,158,89,313,107,28,17,371,61,22,330,121,107,323,321,153,199,131,39,69,238,11,305,86,45,299,76,200,23,60,72,1
1630552,Jalen Johnson,Jalen,1610612737,ATL,24.0,22,17,5,0.773,33.9,7.6,16.7,0.458,1.7,4.8,0.349,3.8,4.7,0.816,1.0,8.4,9.5,7.1,3.3,1.0,0.3,1.3,2.0,3.1,20.8,7.9,43.5,14,3,41.7,48.5,170,61,336,73,17,27,25,286,126,116,233,43,44,204,181,5,14,11,11,102,278,12,187,65,31,30,14,6,3,15,9,1
1629618,Jalen Pickett,Jalen,1610612743,DEN,26.0,11,9,2,0.818,10.7,1.5,3.4,0.459,0.8,1.8,0.45,0.5,0.7,0.625,0.0,1.1,1.1,1.5,0.5,0.0,0.1,0.1,0.4,0.5,4.4,1.6,7.6,0,0,7.9,8.6,370,221,438,52,435,414,411,283,300,343,45,413,396,417,496,428,472,300,395,494,420,435,494,443,408,169,450,200,23,436,444,1
1641771,Jalen Slawson,Jalen,1610612754,IND,26.0,13,3,10,0.231,23.9,2.6,5.9,0.442,1.2,3.1,0.375,0.9,1.3,0.706,0.5,3.8,4.4,2.8,1.3,1.5,1.1,0.5,2.1,1.5,7.3,-2.0,23.3,0,0,20.8,25.1,345,387,162,425,214,321,303,334,232,246,177,305,294,354,326,120,171,156,184,35,40,189,177,239,315,329,180,200,23,210,181,1
1630188,Jalen Smith,Jalen,1610612741,CHI,26.0,10,3,7,0.3,22.7,3.5,7.6,0.461,1.6,4.6,0.348,1.8,2.2,0.818,1.7,4.0,5.7,1.1,1.3,0.5,0.9,0.3,2.6,2.1,10.4,-1.0,21.8,1,0,21.6,22.5,389,387,267,381,233,234,230,280,138,137,236,159,170,198,79,102,84,364,187,324,69,304,58,137,210,292,206,106,23,195,220,1
1630591,Jalen Suggs,Jalen,1610612753,ORL,25.0,24,15,9,0.625,28.9,4.9,11.6,0.423,2.4,6.8,0.356,1.2,1.3,0.875,0.5,3.2,3.7,5.4,2.9,1.6,0.6,0.4,2.3,1.8,13.4,1.8,29.8,1,0,29.4,34.7,107,97,188,201,105,130,100,373,51,42,217,246,283,103,336,175,223,41,20,21,113,218,130,181,124,161,89,106,23,85,68,1
1631114,Jalen Williams,Jalen,1610612760,OKC,25.0,7,6,1,0.857,25.8,5.9,11.6,0.506,0.4,1.9,0.231,3.3,3.9,0.852,1.4,3.0,4.4,5.7,1.9,0.9,0.0,0.4,1.6,2.9,15.4,12.6,30.0,0,0,27.7,33.9,429,279,474,32,164,81,102,147,378,339,413,57,67,146,106,194,166,33,93,180,447,207,294,84,92,4,86,200,23,98,78,1
1630592,Jalen Wilson,Jalen,1610612751,BKN,25.0,19,3,16,0.158,18.2,2.7,6.1,0.44,1.0,2.8,0.358,1.8,2.6,0.68,0.5,2.6,3.1,1.5,1.0,0.4,0.0,0.4,2.2,1.9,8.2,-3.6,14.4,0,0,14.6,15.5,244,387,50,462,323,314,297,340,250,270,209,164,129,381,329,244,269,295,237,368,447,216,155,161,284,387,346,200,23,333,345,1
1631288,Jamal Cain,Jamal,1610612753,ORL,27.0,21,12,9,0.571,16.8,2.8,5.4,0.518,1.0,2.6,0.407,1.1,1.3,0.857,1.0,2.0,3.0,1.1,0.6,0.3,0.1,0.3,1.5,1.2,7.8,2.4,14.0,0,0,14.0,14.5,199,158,188,244,342,307,327,128,249,292,113,249,283,132,183,312,279,368,389,399,374,312,318,293,300,136,354,200,23,350,358,1
1627750,Jamal Murray,Jamal,1610612743,DEN,29.0,25,17,8,0.68,34.9,8.1,16.9,0.48,3.5,7.6,0.455,5.0,5.7,0.887,0.4,4.0,4.4,6.2,2.2,0.7,0.4,0.7,2.1,4.2,24.8,8.2,40.5,3,0,41.1,45.0,81,61,235,152,12,20,24,219,5,21,43,22,26,93,365,102,164,22,57,239,186,86,166,29,16,25,27,55,23,17,24,1
1642347,Jamal Shead,Jamal,1610612761,TOR,23.0,27,14,13,0.519,23.2,2.1,5.7,0.377,0.9,2.7,0.319,1.1,1.4,0.838,0.3,1.1,1.4,5.4,1.3,0.8,0.2,0.3,1.9,1.9,6.3,5.1,18.0,1,0,16.1,21.7,27,120,89,291,224,365,311,451,293,281,300,248,278,167,431,422,439,38,195,198,304,307,214,171,348,60,281,106,23,301,237,1
1631123,Jamaree Bouyea,Jamaree,1610612756,PHX,27.0,18,8,10,0.444,11.5,1.6,4.4,0.367,0.3,1.4,0.192,0.4,0.7,0.615,0.3,1.3,1.6,1.7,0.7,0.6,0.3,0.4,0.8,0.8,3.9,1.3,10.2,0,0,9.2,11.4,268,240,162,323,424,410,371,468,404,374,434,420,398,420,440,407,425,262,356,305,276,237,435,375,423,186,406,200,23,421,403,1
201935,James Harden,James,1610612739,CLE,36.0,23,16,7,0.696,34.0,6.5,13.9,0.467,3.1,7.2,0.436,4.6,5.6,0.828,0.4,4.3,4.7,7.5,3.1,0.9,0.3,0.8,2.0,3.5,20.7,2.9,38.3,4,0,38.6,44.2,140,82,267,137,16,62,49,254,16,33,57,30,30,188,367,86,145,9,16,158,213,70,183,48,32,120,34,41,23,27,29,1
1642364,Jamir Watkins,Jamir,1610612764,WAS,24.0,23,2,21,0.087,23.5,3.7,7.7,0.477,1.4,4.1,0.34,1.5,2.1,0.694,1.0,3.3,4.3,2.0,1.0,1.4,0.5,0.3,2.7,2.2,10.2,-1.7,22.9,0,0,21.6,24.1,140,433,7,503,221,225,229,226,179,170,249,200,175,365,183,166,182,229,231,45,164,260,48,130,219,318,188,200,23,194,193,1
1642419,Jamison Battle,Jamison,1610612761,TOR,25.0,22,11,11,0.5,8.5,1.3,2.5,0.519,0.6,1.5,0.406,0.1,0.2,0.6,0.3,1.2,1.5,0.4,0.2,0.1,0.0,0.0,0.6,0.3,3.3,0.0,5.9,0,0,6.1,6.0,170,177,138,294,457,437,454,127,344,373,116,486,482,427,414,413,429,483,486,490,440,457,470,482,442,243,471,200,23,462,476,1
1641716,Jarace Walker,Jarace,1610612754,IND,22.0,22,2,20,0.091,29.8,5.1,11.4,0.448,2.1,5.5,0.392,2.0,3.0,0.692,1.0,5.9,6.8,3.9,2.3,1.0,0.3,0.5,1.5,2.0,14.4,-7.2,29.9,2,0,29.7,32.7,170,433,12,497,84,116,110,315,79,86,155,130,109,366,208,29,53,88,55,145,241,195,307,139,110,470,87,71,23,80,88,1
1642272,Jared McCain,Jared,1610612760,OKC,22.0,26,22,4,0.846,17.9,3.9,8.5,0.464,1.8,4.8,0.387,0.9,1.1,0.857,0.5,1.4,1.9,0.9,0.8,0.4,0.1,0.3,1.3,1.0,10.6,1.4,15.2,0,0,16.4,16.0,54,5,368,39,328,199,192,268,102,120,160,305,330,132,336,397,402,398,327,366,396,297,369,326,203,179,336,200,23,296,337,1
1629020,Jarred Vanderbilt,Jarred,1610612747,LAL,27.0,20,12,8,0.6,13.0,1.3,2.8,0.464,0.3,1.0,0.25,0.2,0.5,0.333,0.8,2.6,3.4,1.2,0.5,0.6,0.2,0.3,1.1,0.4,3.0,-1.1,10.4,0,0,9.2,10.9,228,158,235,215,396,434,438,264,406,410,395,483,455,488,256,235,252,343,400,310,371,327,399,464,450,298,405,200,23,419,410,1
1628386,Jarrett Allen,Jarrett,1610612739,CLE,28.0,13,9,4,0.692,26.5,6.8,10.0,0.685,0.0,0.1,0.0,4.2,6.6,0.628,3.3,5.9,9.2,1.2,1.2,1.0,0.8,0.5,1.3,4.9,17.8,3.5,34.7,7,0,31.8,34.7,345,221,368,139,149,50,139,16,450,482,450,34,17,416,16,27,17,357,201,112,86,189,364,19,58,100,51,23,23,66,67,1
1642859,Jase Richardson,Jase,1610612753,ORL,20.0,15,9,6,0.6,7.7,1.1,2.2,0.485,0.2,0.8,0.25,0.4,0.6,0.667,0.1,0.6,0.7,0.8,0.2,0.5,0.0,0.0,0.6,0.5,2.7,-1.6,6.2,0,0,5.5,6.7,313,221,304,215,467,453,465,207,418,424,395,430,418,387,483,491,493,423,489,317,447,463,467,438,464,313,464,200,23,472,465,1
1642914,Javon Small,Javon,1610612763,MEM,23.0,21,5,16,0.238,25.4,4.4,8.7,0.508,2.0,4.4,0.457,2.3,2.7,0.842,1.0,3.0,4.0,4.1,1.6,1.3,0.3,0.9,1.9,2.0,13.1,-2.4,27.3,0,0,26.4,30.1,199,311,50,420,175,153,182,142,88,152,41,102,119,160,180,199,201,71,122,60,266,52,217,152,130,339,118,200,23,113,110,1
1631451,Javonte Cooke,Javonte,1610612757,POR,26.0,3,0,3,0.0,3.6,0.0,2.0,0.0,0.0,1.3,0.0,0.0,0.0,0.0,0.3,1.0,1.3,0.0,0.0,0.0,0.0,0.0,0.0,0.3,0.0,-5.7,1.6,0,0,1.3,1.3,494,510,405,510,515,522,471,522,450,386,450,497,501,497,397,434,445,519,507,494,447,463,517,467,523,439,521,200,23,522,523,1
1629750,Javonte Green,Javonte,1610612765,DET,32.0,29,20,9,0.69,16.1,2.1,4.8,0.449,1.3,3.1,0.418,1.2,1.3,0.923,0.7,2.2,2.9,0.6,0.3,1.1,0.3,0.3,1.1,1.1,6.8,3.4,15.1,0,0,14.5,15.2,1,15,188,145,354,367,356,312,198,242,94,233,282,59,278,291,303,458,450,95,250,296,385,324,329,105,337,200,23,335,348,1
1629637,Jaxson Hayes,Jaxson,1610612747,LAL,26.0,21,15,6,0.714,19.6,3.3,4.5,0.726,0.0,0.0,1.0,2.3,3.4,0.667,1.6,3.0,4.6,0.8,0.3,0.5,1.1,0.2,1.7,2.8,8.9,4.4,20.1,1,0,17.5,19.9,199,97,304,114,292,253,362,9,446,485,1,102,82,387,86,199,156,429,451,340,36,344,259,87,251,80,245,106,23,283,272,1
1630643,Jay Huff,Jay,1610612754,IND,28.0,27,4,23,0.148,22.9,4.3,8.7,0.487,1.6,5.0,0.326,1.2,1.5,0.805,0.8,3.4,4.2,1.9,1.2,0.4,1.7,0.4,2.3,1.6,11.4,-1.7,24.3,0,0,23.3,25.6,27,337,5,466,231,169,181,201,131,104,289,237,253,218,251,157,184,240,202,387,6,222,129,212,170,319,163,200,23,160,172,1
1627759,Jaylen Brown,Jaylen,1610612738,BOS,29.0,22,16,6,0.727,34.9,9.2,19.9,0.461,1.7,5.0,0.342,7.3,8.8,0.83,1.1,6.0,7.1,6.1,3.8,1.0,0.3,1.6,2.5,6.6,27.4,8.3,45.4,4,1,45.1,50.9,170,82,304,108,11,11,4,276,118,103,244,4,3,185,171,23,48,24,3,102,241,2,77,3,7,23,7,41,10,6,6,1
1641740,Jaylen Clark,Jaylen,1610612750,MIN,24.0,15,7,8,0.467,11.8,1.7,3.8,0.456,0.8,1.9,0.414,0.5,0.5,0.875,0.5,0.9,1.3,0.8,0.3,0.5,0.1,0.2,0.9,0.4,4.7,-0.9,9.0,0,0,8.9,9.5,313,256,235,318,415,397,395,291,301,334,102,408,431,103,357,459,445,423,451,317,434,365,430,451,395,287,427,200,23,424,430,1
1642377,Jaylen Wells,Jaylen,1610612763,MEM,22.0,17,4,13,0.235,25.1,4.9,10.3,0.48,2.2,5.6,0.396,1.8,2.1,0.857,0.7,1.8,2.5,1.5,0.9,1.2,0.2,0.5,2.1,2.8,13.9,-4.2,22.2,0,0,22.8,23.4,284,337,89,422,183,127,132,217,70,76,144,165,179,132,275,348,344,296,264,84,351,188,179,92,116,404,198,200,23,168,205,1
1631119,Jaylin Williams,Jaylin,1610612760,OKC,24.0,24,22,2,0.917,20.2,2.8,5.6,0.496,2.0,4.2,0.48,1.2,1.4,0.848,0.4,6.2,6.5,2.3,1.0,0.3,0.6,0.1,1.8,1.5,8.8,4.0,21.4,4,0,21.2,22.3,107,5,438,20,283,310,316,183,88,166,25,246,277,150,390,20,58,195,232,433,129,443,235,242,259,88,212,41,23,201,222,1
1642281,Jaylon Tyson,Jaylon,1610612739,CLE,23.0,16,10,6,0.625,24.2,4.2,9.9,0.424,1.8,4.9,0.367,1.0,1.4,0.696,1.1,3.2,4.3,2.0,1.3,0.7,0.5,0.5,2.2,1.2,11.2,0.4,21.5,2,0,21.6,23.0,298,192,304,201,204,174,142,370,105,111,195,269,264,363,176,171,183,217,182,259,154,161,144,294,179,230,210,71,23,192,210,1
1643257,Jayson Kent,Jayson,1610612757,POR,24.0,5,4,1,0.8,4.5,0.8,1.4,0.571,0.2,0.8,0.25,0.2,0.2,1.0,0.0,1.0,1.0,0.0,0.0,0.2,0.2,0.0,0.2,0.2,2.0,-0.6,4.4,0,0,4.0,4.2,463,337,474,57,505,476,499,64,418,424,395,469,486,1,496,434,474,519,507,455,327,463,508,494,483,271,493,200,23,495,501,1
1628369,Jayson Tatum,Jayson,1610612738,BOS,28.0,16,13,3,0.813,32.6,7.4,17.9,0.411,2.9,8.9,0.329,4.1,4.9,0.823,0.5,9.5,10.0,5.3,2.4,1.4,0.2,0.5,1.6,3.4,21.8,7.4,44.0,10,1,43.1,47.1,298,140,405,55,35,38,15,398,20,6,286,37,39,195,336,3,11,45,47,50,340,161,280,57,25,34,11,9,10,11,15,1
201145,Jeff Green,Jeff,1610612745,HOU,39.0,12,9,3,0.75,7.8,0.8,3.0,0.278,0.2,1.8,0.095,0.3,0.3,1.0,0.5,0.8,1.3,0.4,0.3,0.1,0.1,0.0,0.6,0.3,2.2,0.8,4.5,0,0,4.3,4.8,360,221,405,83,465,474,426,508,430,346,447,443,466,1,336,469,456,480,476,493,427,463,471,486,480,208,490,200,23,489,491,1
203924,Jerami Grant,Jerami,1610612757,POR,32.0,17,9,8,0.529,31.2,5.9,11.9,0.493,2.6,6.1,0.423,3.9,5.0,0.776,1.1,2.3,3.4,1.6,2.1,0.9,0.6,0.9,2.4,4.0,18.2,-0.1,27.2,0,0,28.8,29.4,284,221,235,281,57,80,88,189,40,61,85,39,37,262,177,285,251,275,73,148,128,49,105,32,55,253,120,200,23,89,115,1
1642847,Jeremiah Fears,Jeremiah,1610612740,NOP,19.0,26,11,15,0.423,26.1,6.0,13.4,0.445,1.6,4.8,0.339,2.9,3.9,0.752,0.7,2.9,3.6,4.2,2.1,1.0,0.5,1.0,1.8,2.8,16.5,-1.0,29.3,2,0,28.8,32.8,54,177,65,337,158,77,57,320,134,120,255,69,66,292,268,210,228,69,67,112,168,27,231,85,78,291,97,71,23,91,87,1
1631110,Jeremy Sochan,Jeremy,1610612752,NYK,23.0,16,11,5,0.688,6.9,1.1,1.9,0.567,0.1,0.6,0.2,0.5,0.6,0.8,0.7,1.4,2.1,0.8,0.2,0.4,0.1,0.1,0.8,0.3,2.8,2.1,7.9,0,0,6.9,8.1,298,177,336,147,479,454,480,71,437,443,426,395,415,223,280,395,377,430,495,354,388,451,449,477,462,145,445,200,23,452,452,1
1630579,Jericho Sims,Jericho,1610612749,MIL,27.0,28,9,19,0.321,25.2,2.9,3.8,0.757,0.0,0.0,0.0,1.0,1.7,0.604,3.3,4.0,7.3,2.6,1.4,0.4,0.3,0.4,2.7,1.6,6.8,-5.0,20.1,4,1,18.0,21.3,13,221,23,374,181,300,394,5,450,489,450,268,227,426,15,110,43,174,173,380,266,207,43,204,330,422,243,41,10,274,248,1
1641724,Jett Howard,Jett,1610612753,ORL,22.0,22,11,11,0.5,16.0,2.4,5.2,0.452,1.1,2.7,0.424,0.7,0.7,1.0,0.5,1.5,2.0,0.8,0.4,0.2,0.3,0.4,1.6,0.5,6.6,-2.9,11.4,0,0,11.6,11.8,170,177,138,294,356,339,334,303,236,280,84,345,396,1,324,381,386,420,443,464,241,251,287,422,338,359,391,200,23,382,394,1
1628975,Jevon Carter,Jevon,1610612753,ORL,30.0,29,17,12,0.586,21.0,2.8,6.9,0.408,1.6,4.7,0.341,0.2,0.3,0.556,0.3,1.8,2.1,2.3,0.9,0.9,0.3,0.1,1.3,0.3,7.4,-0.6,16.3,0,0,15.9,17.9,1,61,108,231,270,304,262,406,139,130,248,474,472,449,421,343,376,190,291,149,277,414,363,466,310,270,314,200,23,309,308,1
1642866,Joan Beringer,Joan,1610612750,MIN,19.0,13,8,5,0.615,10.3,2.2,3.2,0.667,0.0,0.0,0.0,1.4,1.8,0.75,1.3,1.6,2.9,0.4,0.2,0.3,1.2,0.4,1.5,1.1,5.7,-1.9,13.9,1,0,11.9,13.8,345,240,336,209,437,363,421,21,450,489,450,213,209,293,128,366,308,487,484,418,33,239,302,323,367,328,355,106,23,377,369,1
1629111,Jock Landale,Jock,1610612737,ATL,30.0,19,17,2,0.895,18.9,3.3,6.9,0.473,0.9,2.6,0.34,0.8,1.5,0.552,1.7,2.3,3.9,1.8,0.6,0.5,0.5,0.4,2.1,1.8,8.3,2.4,18.1,1,0,16.9,18.8,244,61,438,26,310,257,263,235,288,287,252,320,250,452,81,288,209,250,387,341,151,249,170,172,281,135,280,106,23,293,289,1
204060,Joe Ingles,Joe,1610612750,MIN,38.0,8,2,6,0.25,9.6,1.6,2.4,0.684,0.6,1.3,0.5,0.0,0.0,0.0,0.0,1.5,1.5,2.4,0.9,0.3,0.3,0.0,0.4,0.1,3.9,0.6,9.9,1,0,9.4,11.6,418,433,304,408,445,409,456,17,333,397,15,497,501,497,496,381,430,185,288,433,288,463,493,504,428,219,413,106,23,418,397,1
203954,Joel Embiid,Joel,1610612755,PHI,32.0,7,5,2,0.714,32.7,9.0,19.1,0.47,2.0,5.3,0.378,8.0,9.6,0.836,1.4,7.3,8.7,4.1,2.4,0.1,1.7,0.6,2.1,6.1,28.0,3.9,47.8,3,0,46.6,50.6,429,311,438,114,33,14,8,248,88,90,174,1,2,170,106,10,21,71,48,475,7,137,160,6,4,91,5,55,23,5,7,1
1628381,John Collins,John,1610612746,LAC,28.0,18,9,9,0.5,24.8,4.9,9.5,0.515,1.0,3.0,0.333,1.9,2.7,0.729,2.1,3.8,5.9,1.3,1.5,1.1,0.6,0.5,2.8,2.7,12.7,-2.0,25.3,1,0,24.3,26.2,268,221,188,294,188,132,157,132,250,251,261,143,125,324,47,123,77,324,138,100,119,161,36,95,136,329,152,106,23,143,160,1
1629723,John Konchar,John,1610612762,UTA,30.0,22,3,19,0.136,27.4,2.4,5.1,0.469,0.7,2.4,0.288,1.0,1.3,0.786,2.2,3.9,6.0,3.2,0.9,2.1,1.0,0.1,1.8,1.3,6.5,-6.6,26.9,3,2,22.6,28.2,170,387,23,472,133,335,339,251,322,303,358,269,299,244,42,116,75,122,279,7,64,435,240,268,340,455,123,55,5,171,131,1
1642967,John Poulakidas,John,1610612742,DAL,23.0,13,3,10,0.231,19.5,3.0,7.0,0.429,2.4,5.9,0.403,0.5,0.5,0.857,0.3,2.0,2.3,0.8,0.3,0.5,0.3,0.0,2.2,0.4,8.8,-1.2,15.1,0,0,16.1,15.4,345,387,162,425,294,282,256,362,53,69,126,411,428,132,422,315,356,413,464,313,252,463,158,456,254,301,338,200,23,303,347,1
1642910,John Tonje,John,1610612738,BOS,25.0,6,5,1,0.833,7.0,0.7,2.3,0.286,0.5,1.7,0.3,0.7,0.7,1.0,0.0,1.0,1.0,0.3,0.0,0.3,0.0,0.2,0.8,0.7,2.5,-1.0,5.2,0,0,5.0,5.2,444,311,474,43,477,487,458,504,356,353,338,353,404,1,496,434,474,491,507,399,447,395,435,396,467,292,483,200,23,479,487,1
202685,Jonas Valanciunas,Jonas,1610612743,DEN,34.0,22,14,8,0.636,11.1,3.2,5.4,0.593,0.1,0.4,0.375,1.5,1.8,0.8,1.6,3.1,4.7,1.0,1.0,0.2,0.4,0.3,1.6,1.7,8.0,0.4,16.2,2,0,15.1,16.7,170,120,235,196,430,267,329,56,435,455,177,204,212,223,91,183,139,374,259,451,183,292,277,195,294,229,317,71,23,324,326,1
1628371,Jonathan Isaac,Jonathan,1610612753,ORL,28.0,8,5,3,0.625,10.2,0.6,1.9,0.333,0.0,0.3,0.0,0.4,1.0,0.375,1.3,1.5,2.8,0.6,0.3,0.4,0.8,0.3,0.9,1.1,1.6,-2.4,9.0,0,0,7.3,9.0,418,311,405,201,438,495,480,487,450,464,450,438,337,483,137,381,318,451,476,386,89,327,427,315,496,338,428,200,23,445,437,1
1630228,Jonathan Kuminga,Jonathan,1610612737,ATL,23.0,16,13,3,0.813,22.1,4.3,9.1,0.476,1.1,3.3,0.346,2.5,3.6,0.702,1.3,4.1,5.3,2.1,1.3,0.9,0.3,0.7,1.4,2.7,12.3,6.3,24.0,0,0,23.1,25.3,298,140,405,55,242,163,173,230,239,233,240,91,75,357,137,101,103,215,182,174,249,94,347,98,144,49,168,200,23,164,179,1
1642367,Jonathan Mogbo,Jonathan,1610612761,TOR,24.0,17,10,7,0.588,6.5,0.7,0.9,0.75,0.0,0.1,0.0,0.4,0.5,0.778,0.4,1.4,1.8,0.9,0.5,0.4,0.2,0.0,0.8,0.4,1.8,-1.9,6.8,0,0,5.8,7.4,284,192,267,229,485,485,516,6,450,484,450,428,434,255,376,399,407,406,422,371,301,463,448,463,492,327,457,200,23,467,456,1
203903,Jordan Clarkson,Jordan,1610612752,NYK,34.0,21,14,7,0.667,15.1,3.0,6.0,0.512,0.4,1.3,0.286,1.0,1.0,0.955,1.0,0.8,1.8,1.4,0.5,0.4,0.0,0.2,1.5,1.3,7.5,4.6,12.7,0,0,12.0,13.5,199,120,267,155,368,278,302,137,386,386,359,269,332,48,183,463,409,311,419,358,437,344,318,273,308,68,374,200,23,374,373,1
1630692,Jordan Goodwin,Jordan,1610612756,PHX,27.0,18,8,10,0.444,23.2,3.1,7.1,0.438,1.8,4.1,0.432,0.6,0.8,0.667,2.2,3.1,5.3,1.8,0.8,1.6,0.2,0.5,2.0,1.2,8.6,-0.6,21.9,0,0,20.8,22.6,268,240,162,323,226,272,251,345,111,168,68,385,372,387,43,187,106,253,298,30,357,161,187,282,266,273,205,200,23,211,218,1
1641722,Jordan Hawkins,Jordan,1610612740,NOP,24.0,15,6,9,0.4,13.0,2.5,5.7,0.447,1.1,2.6,0.436,0.6,0.6,1.0,0.4,1.3,1.7,1.0,0.8,0.3,0.2,0.4,0.5,0.5,6.8,-3.0,11.2,0,0,11.7,12.1,313,279,188,339,399,328,312,317,238,290,58,376,418,1,380,403,412,375,315,399,327,223,476,425,331,361,395,200,23,379,391,1
1629162,Jordan McLaughlin,Jordan,1610612759,SAS,30.0,19,17,2,0.895,6.7,0.7,1.7,0.406,0.4,0.8,0.438,0.1,0.1,1.0,0.2,0.6,0.7,1.0,0.3,0.4,0.1,0.0,0.1,0.2,1.8,-0.6,5.3,0,0,4.9,6.0,244,61,438,26,480,486,491,408,388,423,53,490,498,1,479,495,491,375,463,388,410,463,516,493,491,275,478,200,23,485,477,1
1641757,Jordan Miller,Jordan,1610612746,LAC,26.0,27,15,12,0.556,24.9,4.0,7.3,0.551,0.5,1.5,0.325,2.4,3.2,0.767,0.7,2.1,2.8,3.0,0.9,0.8,0.2,0.7,1.1,2.3,11.0,-0.3,21.2,0,0,19.4,23.0,27,97,108,262,185,187,239,89,369,371,291,94,93,273,276,303,314,129,284,198,304,81,389,127,186,259,220,200,23,243,210,1
1629673,Jordan Poole,Jordan,1610612740,NOP,27.0,11,7,4,0.636,20.3,3.6,9.6,0.377,2.3,7.0,0.325,1.2,1.5,0.765,0.3,2.1,2.4,3.0,1.5,0.3,0.5,0.5,2.0,1.8,10.7,-3.1,19.1,0,0,20.0,21.5,370,256,368,196,281,226,150,450,64,36,293,244,248,276,441,305,349,131,156,428,141,148,187,175,199,365,270,200,23,229,242,1
1641775,Jordan Walsh,Jordan,1610612738,BOS,22.0,20,14,6,0.7,16.3,1.7,3.4,0.5,0.8,2.0,0.41,0.5,0.6,0.75,0.7,2.5,3.2,0.7,0.5,0.4,0.4,0.1,1.5,0.6,4.7,0.5,11.4,0,0,10.9,11.6,228,120,304,133,351,401,409,158,301,332,109,416,418,293,277,254,263,449,400,374,186,428,307,419,399,227,392,200,23,394,400,1
1630631,Jose Alvarado,Jose,1610612752,NYK,28.0,25,16,9,0.64,16.5,2.2,5.6,0.403,0.8,2.9,0.292,0.4,0.6,0.688,0.4,1.6,2.0,3.8,1.0,0.9,0.1,0.4,1.6,0.9,5.8,2.6,15.9,1,0,14.4,18.4,81,82,188,194,349,355,320,416,296,265,352,423,413,374,380,361,387,91,234,173,394,203,283,350,364,124,324,106,23,338,297,1
1630581,Josh Giddey,Josh,1610612741,CHI,23.0,20,4,16,0.2,32.1,5.2,12.4,0.421,2.2,6.1,0.361,1.8,2.5,0.72,1.3,6.5,7.8,9.8,3.8,1.2,0.8,0.8,1.7,2.0,14.4,-7.0,40.6,9,6,38.2,47.7,228,337,50,434,44,109,78,375,76,63,205,159,141,336,130,17,34,3,2,76,81,78,261,153,107,466,26,16,2,31,11,1
1630182,Josh Green,Josh,1610612766,CHA,25.0,27,18,9,0.667,15.1,1.3,2.9,0.455,0.9,2.3,0.397,0.4,0.4,0.917,0.6,0.9,1.6,0.6,0.6,0.6,0.1,0.0,1.1,0.5,3.9,3.4,8.3,0,0,8.5,8.9,27,41,188,155,367,436,434,297,281,306,143,429,457,65,301,454,425,457,386,276,398,461,397,434,424,102,436,200,23,431,439,1
1628404,Josh Hart,Josh,1610612752,NYK,31.0,23,15,8,0.652,29.5,4.6,8.6,0.53,1.4,3.3,0.427,1.2,1.7,0.675,1.3,5.6,6.9,4.0,1.8,1.0,0.1,0.7,2.4,1.8,11.7,1.5,27.7,3,0,26.3,30.1,140,97,235,187,88,146,187,108,179,231,79,245,222,384,129,32,50,79,97,105,385,106,96,182,164,176,111,55,23,115,111,1
1631169,Josh Minott,Josh,1610612751,BKN,23.0,16,1,15,0.063,19.3,3.6,7.3,0.491,1.9,4.8,0.395,1.8,2.2,0.8,0.5,2.0,2.5,0.8,1.4,1.3,0.8,0.2,1.4,1.9,10.8,-3.8,19.5,0,0,19.9,20.9,298,472,65,508,299,230,244,191,99,122,147,166,171,223,336,315,338,421,161,65,89,382,347,166,197,393,258,200,23,231,255,1
1642490,Josh Oduro,Josh,1610612740,NOP,25.0,3,1,2,0.333,27.3,3.7,5.7,0.647,0.0,0.7,0.0,1.0,2.0,0.5,3.7,4.0,7.7,1.3,0.7,0.0,0.0,0.0,4.7,2.3,8.3,0.3,18.9,1,0,17.3,18.7,494,472,438,360,136,220,312,33,450,437,450,269,186,459,10,102,37,317,356,494,447,463,1,121,277,232,271,106,23,286,292,1
1629006,Josh Okogie,Josh,1610612745,HOU,27.0,26,17,9,0.654,12.8,1.1,2.9,0.387,0.6,1.5,0.375,0.3,0.5,0.571,0.7,1.3,2.1,0.9,0.2,0.6,0.2,0.2,0.8,0.8,3.1,1.7,8.9,0,0,8.1,9.2,54,61,188,183,404,449,433,442,345,364,177,451,428,444,268,402,384,405,484,296,365,378,434,368,449,165,429,200,23,434,435,1
201950,Jrue Holiday,Jrue,1610612757,POR,36.0,26,15,11,0.577,30.7,6.3,14.0,0.449,2.8,7.3,0.382,1.6,1.8,0.894,1.1,3.4,4.5,5.7,2.9,0.8,0.1,0.8,1.2,1.8,17.0,5.0,30.8,5,0,31.8,35.6,54,97,138,238,68,66,48,313,22,29,168,182,213,85,164,158,158,35,19,207,396,61,373,179,71,61,79,31,23,64,62,1
1630577,Julian Champagnie,Julian,1610612759,SAS,25.0,28,24,4,0.857,27.1,3.9,8.4,0.466,2.4,5.8,0.407,0.9,1.1,0.839,0.9,4.6,5.5,1.8,0.6,0.7,0.6,0.1,1.7,0.6,11.1,10.1,23.6,0,0,23.3,24.0,13,1,368,32,142,205,197,259,57,72,113,302,325,164,219,66,90,251,368,240,131,409,266,416,183,10,175,200,23,159,194,1
1641763,Julian Phillips,Julian,1610612750,MIN,22.0,11,4,7,0.364,7.7,1.1,2.6,0.414,0.4,1.4,0.267,0.6,0.9,0.7,0.1,0.4,0.5,0.3,0.4,0.3,0.1,0.1,0.8,0.5,3.2,-1.5,4.9,0,0,5.0,5.3,370,337,267,354,466,451,448,390,390,385,388,370,364,358,490,511,511,503,443,428,420,435,437,422,446,309,488,200,23,479,484,1
1642882,Julian Reese,Julian,1610612764,WAS,23.0,13,1,12,0.077,30.9,4.8,9.2,0.529,0.0,0.0,0.0,2.2,3.4,0.636,4.2,6.3,10.5,1.8,2.5,1.4,0.6,1.8,3.2,3.5,11.8,-8.6,30.8,5,0,28.2,32.1,345,472,108,505,64,133,166,110,450,489,450,122,85,414,4,19,8,241,41,49,116,1,11,50,161,487,78,31,23,96,92,1
1631124,Julian Strawther,Julian,1610612743,DEN,24.0,25,18,7,0.72,16.8,3.2,6.6,0.482,1.4,3.2,0.444,0.7,0.8,0.895,0.3,1.6,1.9,1.2,0.7,0.4,0.2,0.3,1.4,1.0,8.4,1.4,13.7,0,0,14.2,14.6,81,41,267,113,343,269,281,216,170,234,47,352,391,79,438,361,403,343,355,353,363,291,335,345,273,181,359,200,23,342,355,1
203944,Julius Randle,Julius,1610612750,MIN,31.0,23,13,10,0.565,31.7,6.2,13.7,0.449,1.0,3.4,0.282,4.8,6.3,0.753,1.7,4.5,6.1,4.2,3.2,1.0,0.2,0.7,2.8,4.2,18.1,0.3,32.2,1,0,31.8,36.2,140,140,162,257,51,71,54,311,276,221,373,27,21,291,83,71,72,67,12,105,352,106,35,31,57,231,69,106,23,65,59,1
1630551,Justin Champagnie,Justin,1610612764,WAS,25.0,19,1,18,0.053,21.7,4.4,8.6,0.506,0.9,3.0,0.316,1.3,1.5,0.857,1.9,3.2,5.1,1.5,0.7,1.0,0.7,1.0,1.9,1.2,10.9,-3.7,23.8,1,0,21.9,24.3,244,472,30,509,247,159,186,148,278,251,310,229,262,132,66,178,118,283,354,112,96,27,213,287,191,392,170,106,23,181,188,1
1642348,Justin Edwards,Justin,1610612755,PHI,22.0,23,13,10,0.565,16.7,3.3,6.5,0.503,1.3,3.0,0.429,0.5,0.7,0.75,0.3,1.0,1.3,1.6,0.5,1.1,0.1,0.3,1.2,0.6,8.3,2.4,15.6,0,0,15.1,16.6,140,140,162,257,345,258,285,154,200,248,74,394,403,293,394,434,444,278,399,92,385,303,382,409,275,134,329,200,23,325,327,1
1642354,KJ Simpson,KJ,1610612743,DEN,23.0,6,5,1,0.833,5.7,0.5,1.7,0.3,0.0,0.2,0.0,0.2,0.3,0.5,0.7,0.7,1.3,1.3,0.2,0.2,0.0,0.5,0.7,0.3,1.2,5.0,5.1,0,0,4.2,5.7,444,311,474,43,495,498,492,503,450,474,450,475,466,459,286,479,445,317,499,469,447,161,457,467,510,61,485,200,23,494,482,1
1642955,Kadary Richmond,Kadary,1610612764,WAS,24.0,2,2,0,1.0,30.4,4.0,7.0,0.571,0.5,1.5,0.333,1.5,1.5,1.0,0.0,4.0,4.0,3.5,1.0,3.5,0.0,0.0,1.0,1.5,10.0,5.5,29.6,0,0,25.0,31.5,508,433,513,1,75,189,256,64,356,365,261,195,254,1,496,102,201,102,237,1,447,463,403,228,222,55,91,200,23,130,100,1
1642880,Kam Jones,Kam,1610612754,IND,24.0,19,2,17,0.105,21.2,2.3,5.8,0.396,0.9,2.6,0.34,0.1,0.2,0.5,0.5,1.7,2.2,4.8,1.5,0.7,0.0,0.5,1.5,0.3,5.6,-5.5,16.2,1,0,15.0,19.7,244,433,42,490,263,348,306,427,288,287,252,490,485,459,354,356,372,54,153,234,447,154,320,476,369,432,315,106,23,326,277,1
1626157,Karl-Anthony Towns,Karl-Anthony,1610612752,NYK,30.0,24,16,8,0.667,30.2,7.7,13.3,0.579,1.4,3.3,0.418,3.9,4.5,0.869,3.3,8.5,11.8,3.3,2.4,0.9,0.4,0.7,3.1,5.0,20.6,3.3,40.9,19,1,39.5,42.6,107,82,235,155,79,25,60,63,184,230,93,40,49,119,17,4,5,119,49,174,199,98,16,18,34,110,21,2,10,23,32,1
1631255,Karlo Matković,Karlo,1610612740,NOP,25.0,19,10,9,0.526,18.7,2.8,4.7,0.607,0.8,1.9,0.405,1.1,1.3,0.833,1.9,2.9,4.9,0.9,0.7,0.5,1.3,0.1,2.2,0.8,7.5,-0.5,19.5,1,0,17.7,19.7,244,192,188,284,313,303,357,51,305,333,118,265,302,172,63,201,131,395,341,321,22,424,155,373,307,269,261,106,23,279,277,1
1642857,Kasparas Jakučionis,Kasparas,1610612748,MIA,20.0,24,13,11,0.542,18.8,2.1,4.6,0.464,1.2,3.1,0.392,1.4,1.6,0.872,0.8,2.0,2.8,2.8,1.0,0.6,0.2,0.2,1.8,1.4,6.9,3.3,15.9,0,0,15.3,17.7,107,140,138,275,311,368,360,268,224,245,154,208,240,115,243,313,313,153,257,295,322,395,255,248,326,110,323,200,23,319,312,1
202695,Kawhi Leonard,Kawhi,1610612746,LAC,35.0,24,15,9,0.625,30.9,9.9,18.8,0.529,2.6,6.6,0.392,5.5,6.4,0.857,1.1,5.1,6.2,3.5,1.9,1.5,0.3,0.5,1.1,5.2,27.9,8.7,43.9,0,0,43.7,46.3,107,97,188,201,66,4,12,113,41,46,153,15,20,132,161,49,68,110,91,39,288,192,394,14,5,19,12,200,23,8,19,1
1630811,Keaton Wallace,Keaton,1610612737,ATL,27.0,13,10,3,0.769,6.9,0.8,2.7,0.314,0.3,1.4,0.222,0.5,0.5,0.857,0.0,0.8,0.8,1.1,0.5,0.2,0.0,0.0,0.8,0.2,2.5,-3.2,5.2,0,0,5.1,6.1,345,192,405,74,478,472,444,498,398,383,416,411,428,132,496,468,488,371,424,450,447,463,447,491,470,371,482,200,23,478,474,1
1631099,Keegan Murray,Keegan,1610612758,SAC,25.0,4,1,3,0.25,27.5,3.8,10.3,0.366,1.5,5.0,0.3,2.0,2.8,0.727,0.8,3.3,4.0,2.3,1.3,0.3,1.5,0.0,1.3,1.5,11.0,-9.0,23.2,0,0,22.3,24.8,478,472,405,408,130,213,134,469,152,104,338,136,118,325,256,167,201,195,196,433,12,463,372,228,186,493,182,200,23,174,184,1
1642276,Kel'el Ware,Kel'el,1610612748,MIA,22.0,25,13,12,0.52,21.7,4.3,8.2,0.527,1.3,3.4,0.381,0.6,0.9,0.609,2.4,6.1,8.6,1.1,0.6,0.8,1.2,0.1,1.4,0.8,10.5,-0.6,27.6,8,0,25.3,27.1,81,140,108,289,249,162,205,116,204,225,169,384,359,424,32,22,22,370,370,225,28,419,335,369,206,276,113,21,23,125,144,1
1629640,Keldon Johnson,Keldon,1610612759,SAS,26.0,28,24,4,0.857,22.2,4.9,10.4,0.469,1.2,3.6,0.333,1.6,2.0,0.8,1.4,2.9,4.4,1.2,0.6,0.4,0.1,0.9,1.9,1.5,12.6,6.5,20.4,0,0,20.3,20.7,13,1,368,32,240,131,128,250,223,197,261,186,201,223,106,204,172,353,380,392,408,52,226,228,140,45,236,200,23,224,260,1
203482,Kelly Olynyk,Kelly,1610612759,SAS,35.0,12,11,1,0.917,6.4,0.8,1.4,0.529,0.3,0.8,0.333,0.6,0.7,0.875,0.4,1.3,1.7,1.1,0.5,0.2,0.2,0.2,0.3,0.4,2.3,-3.2,6.5,0,0,6.0,7.2,360,177,474,20,487,479,498,110,406,428,261,377,404,103,374,409,417,369,400,469,357,395,504,448,475,372,462,200,23,463,459,1
1626162,Kelly Oubre Jr.,Kelly,1610612755,PHI,30.0,18,9,9,0.5,29.4,5.2,11.3,0.463,1.6,4.5,0.346,2.4,3.1,0.8,1.2,4.4,5.6,1.6,1.5,1.6,0.2,0.6,2.6,2.4,14.4,-1.8,27.4,2,0,26.8,28.6,268,221,188,294,90,107,114,271,145,140,241,94,100,223,153,74,89,269,138,30,304,123,69,114,106,324,115,71,23,110,125,1
1631113,Kennedy Chandler,Kennedy,1610612762,UTA,23.0,11,1,10,0.091,32.3,5.5,12.5,0.445,1.4,3.5,0.395,2.5,3.9,0.651,0.5,2.8,3.4,6.7,2.1,1.0,0.2,1.3,2.1,3.4,15.0,-6.3,30.6,1,0,28.8,35.4,370,472,162,497,37,93,74,321,187,216,147,88,64,406,324,217,249,16,71,112,344,12,173,58,97,449,81,106,23,90,64,1
1629026,Kenrich Williams,Kenrich,1610612760,OKC,31.0,20,17,3,0.85,13.7,2.2,5.3,0.406,0.8,2.1,0.366,0.6,0.9,0.647,1.1,2.0,3.1,1.2,0.7,0.5,0.1,0.4,1.1,0.9,5.6,-1.6,11.8,1,0,11.6,12.5,228,61,405,38,385,364,332,409,312,326,197,388,369,409,169,329,277,359,366,350,436,223,399,353,370,313,387,106,23,383,388,1
1631165,Keon Ellis,Keon,1610612739,CLE,26.0,25,17,8,0.68,25.5,3.2,6.3,0.503,1.3,3.7,0.359,1.2,1.4,0.833,0.8,1.8,2.7,1.6,0.6,1.2,0.8,0.2,2.4,1.7,8.8,1.0,19.9,0,0,18.5,20.8,81,61,235,152,172,269,293,155,196,193,207,240,263,172,229,340,327,279,370,76,75,402,103,196,255,196,247,200,23,264,256,1
1642352,Keshad Johnson,Keshad,1610612748,MIA,25.0,11,6,5,0.545,11.0,2.5,4.3,0.596,0.5,1.9,0.286,0.7,1.1,0.667,1.0,1.1,2.1,0.5,0.4,0.9,0.4,0.1,1.1,0.6,6.4,4.9,13.1,0,0,12.1,13.4,370,279,336,268,431,326,377,54,352,336,359,345,328,387,183,428,380,462,443,161,206,435,391,406,345,65,366,200,23,373,374,1
1642933,Keshon Gilbert,Keshon,1610612737,ATL,23.0,1,0,1,0.0,25.5,4.0,8.0,0.5,0.0,1.0,0.0,3.0,3.0,1.0,0.0,0.0,0.0,9.0,2.0,1.0,0.0,0.0,2.0,3.0,11.0,-11.0,25.5,0,0,22.0,32.0,519,510,474,510,169,189,214,158,450,410,450,65,102,1,496,518,518,4,79,112,447,463,187,69,186,514,146,200,23,180,93,1
201142,Kevin Durant,Kevin,1610612745,HOU,37.0,28,18,10,0.643,35.9,9.4,17.2,0.548,2.5,5.8,0.432,4.9,5.7,0.862,0.6,5.1,5.7,5.4,3.0,0.7,1.0,0.5,1.5,4.3,26.3,3.4,43.1,2,0,43.1,47.7,13,41,162,192,6,9,22,91,45,72,69,26,27,128,317,47,86,44,17,240,59,151,321,28,10,106,15,71,23,10,13,1
1628989,Kevin Huerter,Kevin,1610612765,DET,27.0,21,14,7,0.667,22.1,3.7,8.2,0.445,1.4,4.4,0.312,0.7,0.7,0.933,0.4,2.6,3.0,2.8,1.0,1.2,0.3,0.3,1.2,0.8,9.4,4.5,20.7,0,0,19.6,22.5,199,120,267,155,243,220,204,323,182,146,320,353,399,54,368,230,279,150,237,79,266,266,379,379,246,76,229,200,23,238,221,1
201567,Kevin Love,Kevin,1610612762,UTA,37.0,8,1,7,0.125,14.1,1.8,4.5,0.389,1.5,3.6,0.414,0.8,0.9,0.857,0.9,4.6,5.5,2.1,0.8,0.6,0.1,0.0,0.9,0.9,5.8,1.4,17.0,0,0,16.4,17.8,418,472,267,478,381,394,363,437,152,198,102,339,365,132,222,67,92,207,332,277,388,463,427,359,365,183,301,200,23,298,311,1
1641755,Kevin McCullar Jr.,Kevin,1610612752,NYK,25.0,5,4,1,0.8,6.5,1.4,2.8,0.5,0.4,1.4,0.286,0.0,0.0,0.0,0.4,0.4,0.8,0.2,0.2,0.6,0.0,0.0,0.8,0.0,3.2,0.0,6.1,0,0,5.8,6.2,463,337,474,57,483,425,438,158,381,378,359,497,501,497,380,506,486,508,489,284,447,463,441,508,445,244,466,200,23,469,472,1
1629645,Kevin Porter Jr.,Kevin,1610612749,MIL,26.0,10,3,7,0.3,31.8,6.8,13.2,0.515,0.6,1.9,0.316,3.4,3.8,0.895,1.0,4.2,5.2,6.7,2.0,2.2,0.7,0.8,2.8,3.4,17.6,-7.4,40.6,3,0,35.9,44.9,389,387,267,381,46,53,61,131,339,338,310,53,68,79,183,93,111,17,79,5,102,62,33,54,63,475,25,55,23,36,25,1
1626172,Kevon Looney,Kevon,1610612740,NOP,30.0,3,1,2,0.333,19.0,0.7,2.7,0.25,0.3,1.3,0.25,0.7,0.7,1.0,2.0,5.3,7.3,3.0,0.3,1.0,0.3,0.0,0.7,0.3,2.3,-1.3,19.3,0,0,15.7,19.7,494,472,438,360,306,487,446,511,392,386,395,353,404,1,53,42,41,131,451,112,219,463,457,467,475,307,264,200,23,312,279,1
1641718,Keyonte George,Keyonte,1610612762,UTA,22.0,6,1,5,0.167,26.2,7.3,16.5,0.444,2.3,6.8,0.341,5.3,6.2,0.865,0.0,2.0,2.0,3.2,1.3,1.0,0.0,1.5,1.3,4.0,22.3,-4.0,31.2,0,0,31.8,33.7,444,472,336,457,154,39,27,325,58,39,246,18,22,123,496,315,389,124,176,112,447,4,355,32,23,397,75,200,23,63,80,1
1642863,Khaman Maluach,Khaman,1610612756,PHX,19.0,23,9,14,0.391,13.2,2.0,3.5,0.556,0.2,0.7,0.333,0.6,0.9,0.619,1.8,2.9,4.7,0.1,0.7,0.2,1.0,0.3,1.1,0.9,4.7,3.0,13.5,1,0,12.1,13.3,140,221,78,346,390,379,405,78,416,441,261,383,363,418,77,211,148,516,364,468,45,260,388,360,397,114,361,106,23,372,376,1
203114,Khris Middleton,Khris,1610612742,DAL,34.0,27,6,21,0.222,21.1,3.4,8.3,0.411,1.2,3.0,0.4,1.9,2.1,0.912,0.7,2.6,3.4,2.3,1.8,0.6,0.0,0.3,2.0,1.7,9.9,-6.4,17.3,0,0,17.9,19.6,27,279,7,428,267,242,202,399,227,256,131,145,177,68,262,229,246,194,100,305,447,307,210,197,226,452,297,200,23,277,280,1
1630165,Killian Hayes,Killian,1610612758,SAC,24.0,23,10,13,0.435,17.6,1.8,6.0,0.304,0.7,2.7,0.27,1.1,1.2,0.929,0.2,2.2,2.3,3.5,1.2,0.9,0.2,0.2,1.6,1.1,5.5,-0.8,15.7,0,0,14.3,18.2,140,192,89,329,333,385,299,502,314,275,387,252,314,55,474,299,352,100,204,158,352,355,296,322,374,281,327,200,23,341,301,1
202691,Klay Thompson,Klay,1610612742,DAL,36.0,20,5,15,0.25,20.7,4.3,10.6,0.406,3.1,7.7,0.403,0.5,0.5,0.9,0.2,1.0,1.2,1.5,0.8,0.4,0.4,0.1,1.0,0.6,12.2,-3.1,17.3,0,0,19.4,18.5,228,311,65,408,276,164,123,409,18,20,126,416,436,74,463,434,461,301,332,374,211,428,403,419,148,366,298,200,23,244,294,1
1641738,Kobe Brown,Kobe,1610612754,IND,26.0,25,2,23,0.08,24.8,3.6,7.1,0.5,1.5,3.5,0.432,1.0,1.2,0.806,1.8,2.9,4.8,2.0,1.4,0.5,0.4,0.6,1.8,1.2,9.6,-6.4,19.6,0,0,19.7,21.1,81,433,5,504,187,231,250,158,150,204,70,269,310,215,70,205,137,227,160,322,186,144,233,288,237,453,253,200,23,235,251,1
1641723,Kobe Bufkin,Kobe,1610612747,LAL,22.0,10,7,3,0.7,4.8,0.9,2.8,0.321,0.2,1.4,0.143,0.7,0.8,0.875,0.0,0.6,0.6,0.7,0.1,0.0,0.0,0.1,0.5,0.5,2.7,-4.8,4.4,0,0,4.2,4.7,389,256,405,133,503,468,438,497,418,378,444,349,380,103,496,491,506,438,504,494,447,428,477,427,465,418,494,200,23,493,494,1
1642920,Kobe Sanders,Kobe,1610612746,LAC,24.0,22,12,10,0.545,17.3,2.9,5.5,0.533,1.5,3.1,0.478,0.8,0.9,0.895,0.3,1.3,1.6,1.4,0.9,1.0,0.2,0.2,2.2,0.8,8.1,2.0,14.9,0,0,15.0,16.1,170,158,162,268,337,299,326,104,152,243,27,338,367,79,441,405,423,314,290,102,344,384,146,367,287,156,340,200,23,326,335,1
1642886,Koby Brea,Koby,1610612756,PHX,23.0,9,4,5,0.444,7.6,1.3,3.4,0.387,1.2,2.9,0.423,0.0,0.0,0.0,0.1,0.6,0.7,0.9,0.4,0.1,0.0,0.1,0.7,0.0,3.9,0.6,5.9,0,0,6.9,6.7,407,337,336,323,469,429,407,441,222,264,85,497,501,497,486,496,499,402,426,485,447,421,457,508,426,222,472,200,23,451,465,1
1642851,Kon Knueppel,Kon,1610612766,CHA,20.0,27,18,9,0.667,30.2,6.1,13.4,0.457,3.3,8.0,0.415,2.1,2.7,0.781,1.2,3.8,5.0,3.0,1.6,0.7,0.2,0.6,2.0,2.6,17.7,9.3,29.6,2,0,31.0,31.6,27,41,188,155,78,74,58,287,11,16,99,125,121,254,151,124,122,129,130,232,304,115,210,107,62,15,90,71,23,71,97,1
1627739,Kris Dunn,Kris,1610612746,LAC,32.0,28,16,12,0.571,26.7,2.4,5.0,0.471,0.8,2.1,0.379,0.4,0.6,0.688,0.6,3.5,4.1,3.9,1.3,1.8,0.2,0.4,2.0,0.6,5.9,1.7,21.5,0,0,18.8,24.0,13,82,108,244,146,340,341,244,308,324,171,436,424,374,309,146,195,83,190,12,319,234,186,416,358,166,211,200,23,259,196,1
1631200,Kris Murray,Kris,1610612757,POR,25.0,23,14,9,0.609,20.0,2.2,4.4,0.505,0.6,1.9,0.318,0.3,0.7,0.533,1.3,1.8,3.0,1.7,0.7,0.5,0.3,0.2,1.0,0.7,5.4,4.6,13.4,0,0,12.4,14.3,140,120,188,212,290,358,370,151,336,335,302,441,411,458,136,347,281,264,349,339,213,392,402,385,380,71,363,200,23,369,360,1
204001,Kristaps Porziņģis,Kristaps,1610612744,GSW,30.0,15,4,11,0.267,23.7,5.1,11.9,0.433,1.5,4.9,0.311,4.3,5.1,0.844,1.3,4.1,5.3,2.3,1.7,0.6,1.1,0.5,2.5,4.5,16.1,-0.3,29.4,0,0,28.7,31.1,313,337,138,402,218,114,91,356,149,112,323,32,35,158,135,100,100,191,114,284,42,152,75,25,82,256,96,200,23,93,101,1
203937,Kyle Anderson,Kyle,1610612750,MIN,32.0,20,11,9,0.55,19.0,1.9,3.9,0.487,0.1,0.3,0.167,1.0,1.3,0.8,1.0,2.6,3.6,3.1,0.8,0.9,0.6,0.2,2.0,1.2,4.9,-0.2,17.3,0,0,14.5,19.0,228,177,188,267,304,381,389,202,445,460,438,269,305,223,183,248,231,125,315,184,122,365,212,288,394,254,296,200,23,337,287,2
1642271,Kyle Filipowski,Kyle,1610612762,UTA,22.0,22,3,19,0.136,26.6,5.7,11.5,0.5,1.3,4.1,0.311,3.0,3.6,0.813,2.1,6.3,8.5,3.9,2.2,1.2,0.8,0.7,3.4,2.5,15.7,-5.1,35.5,6,0,33.3,38.0,170,387,23,472,147,86,109,158,208,169,322,68,72,208,46,18,26,87,63,72,85,84,8,108,85,425,44,26,23,55,49,1
1628398,Kyle Kuzma,Kyle,1610612749,MIL,30.0,19,9,10,0.474,24.4,5.1,9.7,0.522,1.8,4.6,0.391,1.3,1.9,0.694,0.5,2.8,3.4,3.0,2.0,0.8,0.4,0.4,1.5,1.6,13.2,-5.6,23.2,0,0,23.7,26.1,244,221,162,317,198,119,147,119,109,138,157,225,206,364,329,216,248,131,79,217,204,249,303,216,127,435,181,200,23,155,166,1
200768,Kyle Lowry,Kyle,1610612755,PHI,40.0,7,5,2,0.714,7.9,0.1,2.1,0.067,0.1,2.1,0.067,0.3,0.3,1.0,0.0,0.7,0.7,0.4,0.3,0.0,0.1,0.0,0.7,0.1,0.7,-7.9,2.4,0,0,2.3,2.7,429,311,438,114,461,520,468,521,433,319,449,454,475,1,496,476,494,479,470,494,374,463,456,501,516,481,516,200,23,514,514,1
1642273,Kyshawn George,Kyshawn,1610612764,WAS,22.0,5,1,4,0.2,19.0,4.0,9.8,0.408,1.8,4.2,0.429,2.2,2.6,0.846,0.2,2.0,2.2,1.4,1.2,0.4,1.0,0.2,1.4,3.4,12.0,-9.2,19.7,0,0,20.2,21.2,463,472,368,434,305,189,144,405,107,162,74,116,131,151,463,315,364,306,209,374,47,365,335,54,155,499,251,200,23,227,249,1
1643018,LJ Cryer,LJ,1610612744,GSW,24.0,15,4,11,0.267,18.9,3.0,7.5,0.402,2.3,6.0,0.389,1.1,1.3,0.895,0.3,1.5,1.8,1.2,0.9,0.2,0.0,0.1,1.8,0.9,9.5,0.7,13.1,0,0,15.2,14.3,313,337,138,402,309,282,235,417,58,66,159,251,300,79,444,378,410,343,271,455,447,448,244,361,241,216,367,200,23,323,361,1
1630163,LaMelo Ball,LaMelo,1610612766,CHA,24.0,27,18,9,0.667,28.6,7.4,17.8,0.417,4.3,11.6,0.374,2.3,2.4,0.924,1.0,3.9,4.9,6.7,2.4,1.4,0.3,0.6,2.9,3.1,21.4,7.8,39.9,2,0,40.7,44.7,27,41,188,155,113,37,18,387,2,2,184,106,150,58,183,119,133,15,45,52,263,131,27,63,26,32,29,71,23,20,26,1
1642950,Lachlan Olbrich,Lachlan,1610612741,CHI,22.0,20,5,15,0.25,11.1,1.4,2.8,0.482,0.0,0.6,0.0,0.6,1.5,0.367,1.7,2.1,3.7,1.5,0.6,0.5,0.4,0.2,1.4,1.4,3.3,2.2,11.9,1,1,10.2,12.5,228,311,65,408,428,428,438,214,450,444,450,388,254,485,84,311,222,287,381,324,211,365,354,263,443,143,386,106,10,405,386,1
1629013,Landry Shamet,Landry,1610612752,NYK,29.0,21,16,5,0.762,24.4,3.1,7.3,0.425,1.8,5.2,0.349,1.0,1.4,0.69,0.4,1.3,1.7,1.2,0.8,0.8,0.1,0.2,1.7,1.5,9.0,4.5,14.7,0,0,15.5,15.8,199,82,336,79,199,275,242,368,106,96,234,298,274,371,388,406,417,335,313,221,374,380,267,238,250,74,343,200,23,316,339,1
1626204,Larry Nance Jr.,Larry,1610612739,CLE,33.0,10,7,3,0.7,12.6,1.7,3.2,0.531,0.5,1.5,0.333,0.3,0.8,0.375,0.8,2.1,2.9,0.9,0.9,0.6,0.2,0.1,0.9,0.8,4.2,-1.7,10.5,0,0,10.1,11.3,389,256,405,133,409,401,422,107,356,365,261,452,380,483,238,304,309,400,281,284,327,428,426,369,413,321,404,200,23,406,405,1
1628374,Lauri Markkanen,Lauri,1610612762,UTA,29.0,1,0,1,0.0,32.2,10.0,23.0,0.435,1.0,10.0,0.1,8.0,8.0,1.0,2.0,1.0,3.0,2.0,2.0,2.0,0.0,1.0,0.0,5.0,29.0,-14.0,39.6,0,0,39.0,42.0,519,510,474,510,41,3,2,353,250,3,446,1,9,1,53,434,285,217,79,8,447,27,517,17,3,521,31,200,23,24,33,1
1643133,Lawson Lovering,Lawson,1610612763,MEM,23.0,1,1,0,1.0,31.7,5.0,8.0,0.625,0.0,0.0,0.0,1.0,3.0,0.333,4.0,7.0,11.0,3.0,1.0,1.0,1.0,1.0,4.0,2.0,11.0,4.0,33.7,1,0,29.0,34.0,519,472,513,1,49,122,214,43,450,489,450,269,102,488,6,13,6,131,237,112,47,27,2,141,186,83,55,106,23,88,73,1
2544,LeBron James,LeBron,1610612747,LAL,41.0,24,17,7,0.708,32.9,7.4,13.8,0.538,1.1,3.2,0.342,3.5,4.8,0.722,0.8,5.7,6.5,7.4,2.8,1.4,0.6,0.8,1.3,3.5,19.4,5.9,41.3,7,2,38.3,46.5,107,61,267,127,29,35,52,100,242,237,245,52,43,334,243,31,60,10,21,50,129,65,355,47,48,53,20,23,5,30,18,1
1641778,Leaky Black,Leaky,1610612764,WAS,27.0,15,1,14,0.067,28.9,2.7,6.9,0.388,1.3,3.7,0.345,0.5,0.5,0.875,1.0,4.0,5.0,1.5,0.9,1.2,0.5,0.2,2.7,0.5,7.1,-6.8,19.5,0,0,18.3,20.2,313,472,78,507,106,315,265,440,210,194,242,408,431,103,183,102,122,298,271,76,147,365,46,438,321,462,257,200,23,271,267,1
1631159,Leonard Miller,Leonard,1610612741,CHI,22.0,25,7,18,0.28,24.6,5.0,9.1,0.551,1.2,3.5,0.356,1.2,1.6,0.756,1.9,4.2,6.1,1.4,1.1,0.5,0.6,0.4,2.1,1.2,12.5,-0.8,24.1,3,0,23.4,24.6,81,256,30,396,196,122,169,88,217,212,216,234,237,288,67,88,73,306,222,338,122,223,176,279,141,282,167,55,23,157,185,1
1642862,Liam McNeeley,Liam,1610612766,CHA,20.0,3,2,1,0.667,8.5,1.3,2.3,0.571,0.7,0.7,1.0,2.3,2.7,0.875,0.7,3.7,4.3,0.3,0.3,0.0,0.0,0.7,0.3,1.3,5.7,-3.7,11.0,0,0,11.0,10.7,494,433,474,155,456,429,458,64,325,437,1,97,125,103,286,134,173,491,451,494,447,98,496,264,368,388,399,200,23,390,412,1
1630322,Lindy Waters III,Lindy,1610612759,SAS,28.0,12,11,1,0.917,7.8,1.2,2.8,0.412,1.0,2.7,0.375,0.1,0.2,0.5,0.1,0.6,0.7,0.7,0.3,0.2,0.1,0.0,0.6,0.4,3.4,0.2,5.7,0,0,6.3,6.2,360,177,474,20,462,446,436,391,250,281,177,493,491,459,493,494,499,442,476,469,427,463,471,448,437,240,474,200,23,459,473,1
1631351,Lucas Williamson,Lucas,1610612763,MEM,27.0,7,0,7,0.0,32.0,3.6,10.7,0.333,2.1,7.6,0.283,1.1,1.1,1.0,1.6,3.9,5.4,2.6,1.4,1.6,0.1,1.0,3.7,1.1,10.4,-17.9,24.5,1,0,24.0,26.1,429,510,267,510,45,229,121,487,78,26,372,249,321,1,94,117,95,174,163,27,374,27,4,309,209,523,157,106,23,151,164,1
1629652,Luguentz Dort,Luguentz,1610612760,OKC,27.0,24,20,4,0.833,25.1,2.7,7.4,0.362,1.8,5.3,0.333,0.7,0.9,0.727,0.7,2.4,3.1,1.3,0.8,1.0,0.3,0.2,2.0,1.5,7.8,2.5,16.2,0,0,16.3,17.0,107,15,368,43,182,315,236,475,115,94,261,353,361,325,274,271,272,329,332,144,288,361,187,223,302,128,316,200,23,300,323,1
1629029,Luka Dončić,Luka,1610612747,LAL,27.0,22,16,6,0.727,36.2,11.6,24.3,0.479,4.8,11.9,0.401,6.7,8.6,0.778,0.4,7.1,7.5,7.7,3.5,2.0,0.7,0.3,2.3,6.1,34.7,7.2,60.0,9,2,60.1,65.8,170,82,304,108,3,1,1,221,1,1,130,8,6,255,378,11,38,8,7,8,105,292,109,7,1,38,2,16,5,1,2,1
1630568,Luka Garza,Luka,1610612738,BOS,27.0,24,18,6,0.75,15.4,3.3,5.8,0.568,1.0,2.3,0.426,1.1,1.5,0.75,2.0,1.8,3.9,0.8,0.9,0.3,0.3,0.3,2.3,1.6,8.7,2.1,15.6,1,0,15.6,16.1,107,41,304,83,365,252,308,68,275,311,80,255,254,293,52,341,213,415,288,399,264,266,130,208,262,145,330,106,23,314,336,1
1628379,Luke Kennard,Luke,1610612747,LAL,30.0,28,20,8,0.714,22.9,3.3,6.4,0.514,1.4,3.0,0.447,0.9,1.0,0.897,0.4,2.2,2.5,2.4,0.9,0.7,0.1,0.1,1.4,0.6,8.9,1.6,17.0,1,1,16.7,18.5,13,15,235,114,230,253,288,135,190,250,46,302,336,77,393,298,336,183,282,263,408,409,333,405,253,170,302,106,10,295,293,1
1628436,Luke Kornet,Luke,1610612759,SAS,30.0,24,21,3,0.875,17.7,1.9,3.1,0.613,0.0,0.0,0.0,1.2,1.3,0.906,2.0,3.0,5.0,1.7,0.4,0.5,0.5,0.3,1.5,1.5,5.0,0.3,16.0,0,0,13.6,16.2,107,12,405,29,330,380,424,49,450,489,450,239,283,71,53,192,120,266,441,349,170,327,307,228,387,236,320,200,23,354,334,1
1630644,Mac McClung,Mac,1610612741,CHI,27.0,7,2,5,0.286,12.5,2.0,4.9,0.412,0.7,2.6,0.278,1.6,2.0,0.786,0.3,0.4,0.7,1.1,0.9,0.9,0.1,0.0,1.6,1.1,6.3,-0.9,11.0,0,0,10.9,12.3,429,433,336,392,411,372,352,391,318,292,377,186,186,244,432,503,494,360,292,180,374,463,294,309,349,286,400,200,23,395,390,1
1641869,Malachi Smith,Malachi,1610612751,BKN,26.0,15,3,12,0.2,23.9,3.2,6.6,0.485,1.3,3.1,0.435,0.5,0.5,1.0,0.8,2.6,3.4,3.3,0.9,0.8,0.3,0.3,0.9,1.3,8.3,-6.0,19.5,1,0,18.4,21.4,313,387,108,434,212,263,276,207,193,247,59,393,431,1,238,235,244,118,271,208,281,266,430,264,280,444,259,106,23,267,245,1
1642502,Malevy Leons,Malevy,1610612744,GSW,26.0,20,5,15,0.25,12.8,1.5,3.3,0.455,0.2,0.7,0.286,0.7,0.9,0.765,1.4,0.8,2.2,1.1,0.6,0.7,0.4,0.3,1.5,0.8,3.9,-3.0,10.7,0,0,9.5,11.4,228,311,65,408,405,415,417,297,418,435,359,368,369,276,112,465,364,364,394,273,186,304,307,382,429,361,403,200,23,417,404,1
1628370,Malik Monk,Malik,1610612758,SAC,28.0,19,7,12,0.368,21.6,4.6,10.3,0.444,1.8,5.5,0.333,1.6,1.8,0.882,0.2,1.4,1.6,3.9,1.5,0.5,0.4,0.2,1.6,1.6,12.6,-8.8,21.4,0,0,21.6,24.6,244,256,108,352,252,143,131,329,103,80,261,184,217,94,479,398,424,82,137,341,204,360,279,216,139,492,213,200,23,191,186,1
1630699,MarJon Beauchamp,MarJon,1610612755,PHI,25.0,12,7,5,0.583,13.3,2.3,5.2,0.435,1.1,3.3,0.325,0.8,1.3,0.667,0.5,1.6,2.1,0.8,0.8,0.5,0.3,0.3,1.1,0.9,6.4,-0.9,11.6,0,0,11.9,12.4,360,256,336,235,389,352,336,352,242,228,291,322,305,387,336,372,383,415,298,324,288,266,394,351,344,290,389,200,23,378,389,1
1631204,Marcus Sasser,Marcus,1610612765,DET,25.0,21,15,6,0.714,13.8,1.8,5.1,0.343,1.2,3.0,0.419,0.2,0.3,0.714,0.3,0.9,1.1,2.0,0.9,0.4,0.1,0.3,1.3,0.5,5.0,4.0,10.0,0,0,10.4,11.7,199,97,304,114,383,393,338,485,220,257,91,465,466,341,432,460,465,217,280,358,416,312,366,437,388,89,410,200,23,400,395,1
203935,Marcus Smart,Marcus,1610612747,LAL,32.0,18,14,4,0.778,28.8,2.6,6.9,0.376,1.6,4.6,0.337,1.3,1.7,0.8,0.3,1.9,2.3,3.2,1.1,1.8,0.4,0.1,2.7,1.9,8.1,9.6,21.1,0,0,19.5,23.3,268,120,368,70,109,322,261,452,145,136,257,219,230,223,397,330,358,120,219,13,194,421,46,154,286,14,221,200,23,241,206,1
1631109,Mark Williams,Mark,1610612756,PHX,24.0,10,4,6,0.4,21.5,3.8,7.1,0.535,0.0,0.0,0.0,1.8,2.3,0.783,3.0,4.3,7.3,0.4,1.2,0.6,0.8,0.9,1.9,1.9,9.4,-8.8,21.8,1,0,19.9,21.7,389,337,304,339,256,211,252,103,450,489,450,159,161,250,21,84,42,484,209,284,81,47,220,160,245,490,207,106,23,233,238,1
1628365,Markelle Fultz,Markelle,1610612761,TOR,28.0,5,3,2,0.6,7.2,0.4,2.2,0.182,0.0,0.0,0.0,0.0,0.0,0.0,0.0,0.2,0.2,1.6,0.8,0.4,0.0,0.2,0.4,0.0,0.8,-7.2,3.8,0,0,3.4,5.4,463,387,438,215,474,507,465,517,450,489,450,497,501,497,496,517,517,271,315,374,447,365,490,508,515,471,500,200,23,504,483,1
1628963,Marvin Bagley III,Marvin,1610612742,DAL,27.0,19,6,13,0.316,21.1,4.6,7.4,0.621,0.8,1.6,0.484,1.1,1.8,0.618,2.2,4.5,6.6,1.3,0.8,0.3,0.6,0.5,2.1,1.7,11.1,-4.4,23.0,2,0,21.7,23.2,244,279,89,375,264,143,237,46,305,355,24,260,217,419,45,72,56,320,296,415,111,154,180,194,185,407,185,71,23,187,209,1
203486,Mason Plumlee,Mason,1610612759,SAS,36.0,6,4,2,0.667,7.8,0.3,0.3,1.0,0.0,0.0,0.0,0.2,0.3,0.5,1.2,1.0,2.2,0.7,0.5,0.7,0.0,0.0,1.2,0.3,0.8,-2.7,5.9,0,0,5.0,6.3,444,337,438,155,463,511,523,1,450,489,450,475,466,459,153,434,370,442,400,264,447,463,383,467,514,348,470,200,23,479,469,1
1641824,Matas Buzelis,Matas,1610612741,CHI,21.0,22,4,18,0.182,31.5,6.7,15.1,0.443,2.7,8.7,0.314,2.9,3.6,0.8,0.9,6.0,6.9,2.0,2.5,0.9,1.6,0.8,2.0,2.6,19.0,-8.5,35.1,2,0,35.5,37.3,170,337,30,447,53,56,37,332,31,7,317,70,72,223,216,23,51,217,30,178,9,57,187,101,50,486,48,71,23,38,54,1
1629680,Matisse Thybulle,Matisse,1610612757,POR,29.0,26,15,11,0.577,16.6,2.0,4.8,0.419,1.3,3.3,0.379,0.7,0.8,0.81,0.7,1.5,2.1,0.9,1.0,1.9,0.6,0.0,1.4,0.7,5.9,2.5,16.4,0,0,15.3,17.5,54,97,138,238,346,372,355,381,209,227,171,366,379,211,296,393,378,398,235,10,116,460,341,388,355,129,310,200,23,318,313,1
1631108,Max Christie,Max,1610612742,DAL,23.0,27,7,20,0.259,28.2,3.4,8.9,0.389,2.1,5.8,0.363,1.4,1.5,0.975,0.2,2.7,2.9,1.4,1.6,0.7,0.3,0.6,1.0,1.4,10.4,-6.7,17.6,0,0,18.9,19.2,27,256,12,405,119,239,178,436,80,71,204,206,261,46,470,218,306,313,130,250,219,131,403,244,208,460,290,200,23,256,284,1
1642917,Max Shulga,Max,1610612738,BOS,24.0,10,7,3,0.7,3.5,0.2,0.7,0.286,0.1,0.4,0.25,0.2,0.2,1.0,0.3,0.3,0.6,0.2,0.3,0.1,0.0,0.0,1.0,0.1,0.7,-0.8,1.7,0,0,1.8,2.0,389,256,405,133,516,518,519,504,441,454,395,469,486,1,424,514,506,508,467,488,447,463,403,506,517,282,519,200,23,518,518,1
1629622,Max Strus,Max,1610612739,CLE,30.0,12,9,3,0.75,24.0,3.9,8.8,0.443,2.8,6.8,0.402,0.6,0.8,0.778,0.8,4.7,5.4,2.0,0.8,0.3,0.0,0.3,2.8,1.2,11.2,-0.3,20.7,0,0,21.8,21.3,360,221,405,83,207,203,179,330,29,39,128,377,392,255,256,64,97,217,332,433,447,327,30,300,180,255,230,200,23,183,246,1
1628467,Maxi Kleber,Maxi,1610612747,LAL,34.0,14,7,7,0.5,9.1,0.7,1.4,0.5,0.0,0.4,0.0,0.0,0.4,0.0,0.9,1.1,2.0,0.5,0.4,0.5,0.4,0.1,1.1,0.3,1.4,0.5,6.8,0,0,5.6,7.0,331,256,267,294,449,481,497,158,450,456,450,497,459,497,213,431,389,468,448,324,209,409,398,479,500,225,458,200,23,471,460,1
1642875,Maxime Raynaud,Maxime,1610612758,SAC,23.0,26,10,16,0.385,32.2,7.0,11.9,0.592,0.5,1.3,0.394,2.7,3.3,0.816,2.3,6.9,9.2,2.0,1.8,0.5,0.6,0.8,2.1,2.5,17.3,-6.6,32.9,10,0,31.2,33.8,54,192,50,349,40,45,90,57,356,396,150,76,87,200,37,15,18,226,102,313,116,73,167,109,67,454,60,9,23,68,79,1
1642877,Micah Peavy,Micah,1610612740,NOP,24.0,15,6,9,0.4,14.7,1.5,3.7,0.4,0.5,1.3,0.35,0.7,0.9,0.786,0.5,1.1,1.7,0.9,0.4,0.8,0.2,0.1,1.7,0.7,4.1,-0.4,10.1,0,0,9.2,10.7,313,279,188,339,372,421,399,418,372,386,228,343,356,244,328,423,417,396,434,208,327,416,267,396,418,263,409,200,23,419,412,1
1630695,Micah Potter,Micah,1610612754,IND,28.0,25,4,21,0.16,20.0,4.0,7.3,0.546,1.8,3.8,0.458,1.9,2.4,0.814,1.6,3.9,5.5,1.5,1.2,0.6,0.3,0.2,1.8,1.9,11.7,-3.5,21.9,4,0,22.2,22.8,81,337,7,460,287,189,241,92,113,183,39,146,154,207,88,112,91,293,199,303,238,365,244,165,165,384,203,41,23,176,215,1
1629008,Michael Porter Jr.,Michael,1610612751,BKN,28.0,11,1,10,0.091,30.5,7.5,17.7,0.421,2.4,8.6,0.274,4.0,4.5,0.88,1.5,5.2,6.6,2.5,1.8,1.1,0.3,1.1,2.5,3.5,21.3,-10.6,35.3,3,0,35.5,37.1,370,472,162,497,71,32,20,377,55,8,384,38,47,98,102,44,55,176,99,97,278,23,82,51,27,510,46,55,23,38,56,1
1628969,Mikal Bridges,Mikal,1610612752,NYK,29.0,27,18,9,0.667,29.5,4.5,10.0,0.454,1.4,4.2,0.333,0.9,1.0,0.821,0.7,2.3,3.0,3.0,0.9,1.0,0.6,0.2,1.9,1.3,11.3,2.4,23.5,0,0,22.0,25.3,27,41,188,155,89,148,141,302,176,161,261,318,334,196,262,283,284,142,275,111,112,350,224,272,173,132,176,200,23,179,178,1
201144,Mike Conley,Mike,1610612750,MIN,38.0,10,6,4,0.6,17.9,1.6,4.1,0.39,1.4,3.5,0.4,0.4,0.4,1.0,0.3,1.2,1.5,3.1,0.7,0.9,0.3,0.1,2.0,0.7,5.0,-0.3,14.4,0,0,13.4,16.3,389,279,368,215,327,411,386,435,177,205,131,430,462,1,424,417,430,125,347,166,258,428,187,392,388,260,347,200,23,358,331,1
1628970,Miles Bridges,Miles,1610612766,CHA,28.0,24,17,7,0.708,28.3,5.6,11.5,0.491,1.5,4.3,0.35,1.9,2.5,0.75,1.0,4.4,5.3,2.6,1.2,0.8,0.3,0.5,1.4,1.7,14.6,7.1,27.1,2,0,26.3,28.5,107,61,267,127,116,88,108,194,152,155,231,151,141,293,206,81,100,173,207,215,219,192,347,197,101,40,122,71,23,117,127,1
1642939,Miles Kelly,Miles,1610612742,DAL,23.0,2,1,1,0.5,15.7,1.5,5.5,0.273,1.0,3.5,0.286,0.5,0.5,1.0,0.5,2.0,2.5,2.0,1.0,0.5,0.5,0.0,0.5,0.5,4.5,-2.5,12.5,0,0,12.0,14.0,508,472,474,294,362,415,322,510,250,205,359,395,436,1,336,315,338,217,237,324,154,463,477,427,403,340,376,200,23,374,365,1
1630540,Miles McBride,Miles,1610612752,NYK,25.0,6,3,3,0.5,16.6,2.3,7.0,0.333,1.7,4.7,0.357,0.3,0.7,0.5,0.3,1.2,1.5,1.5,0.8,0.8,0.5,0.3,1.0,0.8,6.7,0.7,13.9,0,0,14.0,15.2,444,387,405,294,347,342,256,487,127,127,212,443,404,459,397,420,430,287,298,188,154,266,403,364,335,216,356,200,23,348,349,1
1629011,Mitchell Robinson,Mitchell,1610612752,NYK,28.0,21,15,6,0.714,19.5,3.1,4.1,0.759,0.0,0.0,0.0,0.6,1.5,0.406,3.6,4.9,8.5,0.7,0.8,1.2,1.2,0.2,1.7,1.4,6.9,1.8,24.5,4,0,20.9,23.9,199,97,304,114,295,271,383,3,450,489,450,374,251,479,11,58,24,442,330,79,29,344,267,255,325,160,157,41,23,209,197,1
1628964,Mo Bamba,Mo,1610612762,UTA,28.0,2,1,1,0.5,19.0,2.5,4.5,0.556,0.0,0.0,0.0,0.0,0.0,0.0,4.5,5.5,10.0,0.5,1.0,0.0,1.0,0.0,2.0,0.5,5.0,-2.0,19.8,0,0,17.5,19.0,508,472,474,294,307,330,363,78,450,489,450,497,501,497,1,33,11,468,237,494,47,463,187,427,388,329,250,200,23,284,285,1
1642885,Mohamed Diawara,Mohamed,1610612752,NYK,21.0,24,15,9,0.625,13.2,1.8,4.6,0.391,0.9,2.8,0.328,0.6,0.8,0.833,0.2,1.5,1.7,1.2,0.6,0.3,0.0,0.2,0.9,0.6,5.1,2.3,9.2,0,0,9.5,10.1,107,97,188,201,393,390,360,433,282,269,288,372,392,172,461,381,414,342,374,433,446,361,427,414,384,138,422,200,23,415,419,1
1629021,Moritz Wagner,Moritz,1610612753,ORL,29.0,23,14,9,0.609,11.8,1.8,5.0,0.365,0.3,1.6,0.189,1.6,2.0,0.783,0.8,2.4,3.2,0.9,0.5,0.3,0.0,0.6,1.5,1.7,5.5,-1.8,11.3,0,0,10.7,11.6,140,120,188,212,416,385,341,470,400,356,435,189,186,250,249,269,264,408,417,398,443,142,304,192,374,323,394,200,23,396,398,1
1630541,Moses Moody,Moses,1610612744,GSW,24.0,7,3,4,0.429,29.8,5.7,12.6,0.455,3.4,8.6,0.4,1.9,2.6,0.722,1.0,2.7,3.7,2.9,1.4,1.1,0.3,0.4,2.7,1.4,16.7,-3.1,28.3,0,0,29.6,30.4,429,387,368,333,85,87,72,297,6,10,131,154,136,332,183,221,221,147,163,90,266,207,43,246,75,370,106,200,23,83,108,1
1631338,Mouhamadou Gueye,Mouhamadou,1610612741,CHI,27.0,2,0,2,0.0,22.7,3.0,5.5,0.545,0.5,2.5,0.2,1.5,2.0,0.75,1.0,2.0,3.0,3.0,1.5,1.0,0.5,0.0,2.0,1.0,8.0,-8.0,19.1,0,0,17.5,21.5,508,510,438,510,234,282,322,93,356,299,426,195,186,293,183,315,285,131,138,112,154,463,187,328,289,482,269,200,23,284,243,1
1631243,Mouhamed Gueye,Mouhamed,1610612737,ATL,23.0,24,19,5,0.792,13.2,1.3,2.6,0.476,0.5,1.4,0.364,0.3,0.5,0.727,0.9,2.4,3.3,0.7,0.2,0.8,0.5,0.0,1.5,0.5,3.3,1.4,11.8,1,0,10.3,11.7,107,27,336,65,392,438,449,228,356,384,200,443,452,325,215,271,256,436,488,226,170,459,307,427,441,183,388,106,23,404,396,1
1630619,Moussa Cisse,Moussa,1610612742,DAL,23.0,8,1,7,0.125,21.3,3.0,5.8,0.522,0.0,0.0,0.0,1.4,3.1,0.44,4.3,6.0,10.3,0.3,1.0,1.1,1.4,0.9,2.1,2.8,7.4,1.3,26.6,1,0,22.9,25.6,418,472,267,478,259,282,310,119,450,489,450,216,96,477,3,23,10,504,237,93,15,50,164,93,312,187,127,106,23,167,173,1
1631217,Moussa Diabaté,Moussa,1610612766,CHA,24.0,23,16,7,0.696,27.9,3.0,4.8,0.627,0.0,0.0,0.0,1.1,1.7,0.65,3.9,5.0,8.9,2.7,1.2,1.0,1.0,0.6,2.4,2.5,7.1,7.8,26.7,6,0,22.7,27.5,140,82,267,137,124,282,354,42,450,489,450,252,222,407,8,56,20,158,214,112,47,142,96,110,319,31,125,26,23,169,143,1
1626167,Myles Turner,Myles,1610612749,MIL,30.0,21,8,13,0.381,23.1,3.4,7.8,0.436,1.9,5.0,0.371,1.4,2.0,0.69,0.6,3.8,4.4,1.0,1.2,0.8,1.5,0.3,2.4,1.8,10.0,-8.5,22.4,1,0,21.8,23.2,199,240,89,350,228,244,224,351,101,104,187,214,186,370,304,126,166,373,211,221,13,266,90,183,222,485,194,106,23,185,207,1
1642066,Myron Gardner,Myron,1610612748,MIA,25.0,19,10,9,0.526,8.3,1.1,2.1,0.513,0.4,1.0,0.421,0.3,0.4,0.75,0.7,1.6,2.3,0.9,0.6,0.3,0.2,0.2,1.8,0.4,2.8,1.9,7.8,0,0,7.4,8.4,244,192,188,284,459,455,470,136,380,410,90,450,461,293,282,365,354,401,387,415,364,405,249,447,459,158,448,200,23,444,448,1
1641772,Nae'Qwan Tomlin,Nae'Qwan,1610612739,CLE,25.0,20,13,7,0.65,12.7,1.7,3.8,0.447,0.4,1.4,0.286,0.5,0.5,0.9,1.2,1.2,2.4,0.6,0.6,0.4,0.3,0.4,1.7,0.6,4.3,1.2,9.4,0,0,9.0,9.8,228,140,267,190,407,401,395,316,381,378,359,416,436,74,144,417,347,454,381,396,258,223,275,419,411,191,419,200,23,423,423,1
1630230,Naji Marshall,Naji,1610612742,DAL,28.0,21,6,15,0.286,29.3,6.0,12.8,0.465,0.7,2.7,0.246,3.1,4.3,0.725,0.9,3.3,4.1,4.0,2.2,1.3,0.0,0.8,1.9,2.9,15.7,-6.1,28.4,1,0,27.1,31.8,199,279,65,392,92,78,68,262,325,279,406,61,50,331,224,165,191,81,61,60,437,60,217,79,84,446,104,106,23,106,94,1
1631466,Nate Williams,Nate,1610612744,GSW,27.0,14,2,12,0.143,17.1,3.1,6.3,0.489,0.9,2.1,0.433,0.9,1.1,0.867,1.4,0.7,2.1,1.0,1.1,0.4,0.0,0.6,1.9,1.2,8.0,-5.6,12.1,0,0,12.8,13.2,331,433,108,467,339,277,292,199,279,319,64,302,331,120,106,476,374,375,224,392,447,137,226,285,289,437,383,200,23,366,377,1
1629675,Naz Reid,Naz,1610612750,MIN,26.0,21,12,9,0.571,25.7,4.7,11.2,0.419,1.3,4.6,0.278,1.3,1.9,0.718,1.2,4.4,5.6,1.5,1.7,0.9,1.2,0.7,2.6,1.7,12.0,1.0,25.7,1,0,24.7,27.0,199,158,188,244,166,138,115,380,202,135,376,219,208,339,150,76,87,294,110,164,27,87,65,197,154,197,139,106,23,134,146,1
1629674,Neemias Queta,Neemias,1610612738,BOS,26.0,25,19,6,0.76,25.9,4.6,6.8,0.68,0.0,0.1,0.333,1.9,2.5,0.762,3.1,5.5,8.6,2.0,0.7,0.6,1.4,0.6,2.7,2.6,11.2,8.0,29.5,9,0,25.6,29.5,81,27,304,80,162,141,267,19,448,479,261,146,140,281,19,35,22,227,343,284,17,125,42,105,181,27,93,16,23,123,113,1
1629651,Nic Claxton,Nic,1610612751,BKN,27.0,19,3,16,0.158,24.0,4.1,7.8,0.517,0.0,0.3,0.0,1.6,2.4,0.652,2.1,3.8,5.9,2.9,1.4,0.5,0.7,0.6,2.2,2.5,9.7,-10.2,23.4,1,0,20.9,25.1,244,387,50,462,210,183,217,129,450,463,450,184,152,405,49,122,76,145,171,341,96,114,155,113,233,507,178,106,23,207,182,1
1630208,Nick Richards,Nick,1610612741,CHI,28.0,17,5,12,0.294,22.4,3.4,6.5,0.527,0.2,0.9,0.2,2.1,3.5,0.6,2.1,5.9,7.9,0.4,1.6,0.2,0.8,1.1,2.3,3.0,9.1,-3.4,20.4,4,0,19.5,20.7,284,311,108,390,237,241,286,115,429,422,426,124,76,427,51,28,33,482,119,467,88,19,119,69,248,378,233,41,23,240,258,1
1641733,Nick Smith Jr.,Nick,1610612747,LAL,22.0,5,3,2,0.6,11.3,2.8,5.6,0.5,1.4,3.4,0.412,0.8,0.8,1.0,0.2,0.4,0.6,0.6,0.4,0.0,0.0,0.0,0.8,0.4,7.8,3.0,9.0,0,0,10.4,9.6,463,387,438,215,427,309,319,158,177,218,105,330,380,1,463,506,506,454,434,494,447,463,441,451,301,115,425,200,23,401,427,1
1629638,Nickeil Alexander-Walker,Nickeil,1610612737,ATL,27.0,24,19,5,0.792,33.7,7.5,14.4,0.522,3.6,7.9,0.46,3.9,4.1,0.939,0.8,2.2,3.0,3.6,2.2,1.6,0.4,0.5,2.3,3.9,22.5,11.9,35.4,0,0,36.8,38.7,107,27,336,65,21,30,45,119,4,18,38,40,58,53,230,293,282,99,65,21,199,161,120,35,22,6,45,200,23,34,43,1
201587,Nicolas Batum,Nicolas,1610612746,LAC,37.0,23,14,9,0.609,13.2,1.0,2.3,0.426,1.0,2.3,0.434,0.0,0.0,0.0,0.2,2.0,2.2,1.0,0.1,0.4,0.2,0.0,0.9,0.0,3.0,0.2,8.7,0,0,8.3,8.9,140,120,188,212,394,456,457,366,250,309,62,497,501,497,474,315,369,394,503,355,352,463,424,508,450,239,431,200,23,432,438,1
203999,Nikola Jokić,Nikola,1610612743,DEN,31.0,26,18,8,0.692,35.7,9.7,17.9,0.539,1.4,4.4,0.316,5.5,6.7,0.816,2.7,11.0,13.7,10.8,3.8,1.5,0.9,0.9,2.6,6.5,26.2,8.1,62.1,21,14,56.8,68.5,54,41,235,139,8,6,16,98,181,151,310,16,15,200,28,1,1,1,1,39,72,44,55,4,11,26,1,1,1,2,1,1
1631107,Nikola Jović,Nikola,1610612748,MIA,23.0,3,2,1,0.667,6.5,0.7,3.0,0.222,0.3,1.7,0.2,0.3,0.7,0.5,0.0,0.3,0.3,1.0,0.0,0.0,0.0,0.0,0.7,0.7,2.0,-5.3,3.9,0,0,3.7,4.3,494,433,474,155,486,487,426,514,392,353,426,443,404,459,496,513,514,375,507,494,447,463,457,396,483,429,499,200,23,501,498,1
1642260,Nikola Topić,Nikola,1610612760,OKC,20.0,9,6,3,0.667,16.4,2.3,5.3,0.438,0.7,1.4,0.462,0.2,0.6,0.4,0.8,1.2,2.0,4.8,2.4,0.6,0.0,0.7,1.4,0.9,5.6,-4.1,14.3,2,0,14.1,18.8,407,279,405,155,350,342,330,345,325,374,37,466,426,480,251,414,389,58,45,305,447,98,329,356,373,402,348,71,23,344,290,1
202696,Nikola Vučević,Nikola,1610612738,BOS,35.0,13,10,3,0.769,20.0,3.5,8.2,0.425,1.0,3.2,0.317,0.8,1.0,0.846,1.2,4.8,5.9,1.9,0.6,0.3,0.5,0.3,1.7,1.6,8.8,5.0,20.7,2,0,19.3,21.1,345,192,405,74,288,238,207,369,250,241,307,319,337,151,156,61,78,233,379,418,146,297,262,210,258,61,228,71,23,245,252,1
1642363,Nique Clifford,Nique,1610612758,SAC,24.0,23,10,13,0.435,33.7,5.3,11.7,0.448,1.4,4.0,0.359,1.2,1.7,0.737,1.0,4.2,5.2,4.0,2.3,1.4,0.3,0.7,2.4,1.4,13.2,-3.6,28.4,0,0,27.3,31.7,140,192,89,329,20,105,95,314,171,174,207,238,235,319,183,90,109,76,52,45,257,82,89,253,129,386,105,200,23,104,96,1
1641730,Noah Clowney,Noah,1610612751,BKN,21.0,19,3,16,0.158,23.4,3.3,8.1,0.409,1.6,4.6,0.352,2.2,2.7,0.824,0.3,3.5,3.8,1.3,1.1,0.8,0.4,0.5,2.1,2.2,10.5,-9.9,19.6,0,0,19.6,20.5,244,387,50,462,223,249,210,402,130,131,225,114,123,193,416,144,215,328,228,217,180,185,180,133,207,505,256,200,23,237,264,1
1642869,Noah Penda,Noah,1610612753,ORL,21.0,21,12,9,0.571,11.3,0.7,2.3,0.306,0.2,1.3,0.179,0.4,0.4,0.889,0.5,1.7,2.2,1.2,0.5,0.4,0.2,0.0,0.9,0.4,2.0,-1.0,7.9,0,0,7.0,8.6,199,158,188,244,426,481,458,501,411,386,437,437,459,90,332,357,367,335,419,358,339,456,425,458,482,297,446,200,23,450,445,1
1642849,Nolan Traore,Nolan,1610612751,BKN,20.0,25,5,20,0.2,23.7,3.9,10.8,0.363,1.2,4.1,0.301,1.6,2.0,0.804,0.3,1.7,2.0,4.2,3.2,1.2,0.5,0.8,2.3,1.6,10.7,-6.8,21.4,0,0,21.6,26.2,81,311,12,434,215,202,120,473,217,167,337,178,184,220,438,351,389,68,13,69,163,75,123,211,201,462,217,200,23,196,162,1
1641807,Norchad Omier,Norchad,1610612746,LAC,24.0,6,5,1,0.833,3.9,1.2,1.7,0.7,0.0,0.2,0.0,0.5,0.5,1.0,0.7,0.5,1.2,0.3,0.0,0.2,0.0,0.2,0.7,0.3,2.8,-3.8,5.2,0,0,4.7,5.2,444,311,474,43,514,446,492,13,450,474,450,395,436,1,286,498,463,491,507,469,447,395,457,467,460,396,481,200,23,486,487,1
1626181,Norman Powell,Norman,1610612748,MIA,33.0,13,4,9,0.308,26.0,5.8,12.8,0.455,2.0,6.3,0.317,3.8,4.9,0.766,0.4,2.6,3.0,2.1,1.7,0.7,0.3,0.6,2.1,3.7,17.5,-4.7,25.5,0,0,26.5,27.6,345,337,188,378,160,82,67,295,88,51,307,45,40,275,387,232,285,212,112,256,252,121,177,42,65,414,147,200,23,112,138,1
1628384,OG Anunoby,OG,1610612752,NYK,28.0,26,18,8,0.692,33.5,5.8,11.7,0.492,2.8,6.8,0.407,2.6,2.9,0.882,1.0,3.8,4.8,1.8,1.5,1.3,0.8,0.7,2.4,2.0,16.9,7.2,30.1,1,0,30.4,31.5,54,41,235,139,23,85,96,190,28,41,115,85,111,96,183,120,134,241,155,62,86,104,98,151,73,37,84,106,23,76,98,1
1630167,Obi Toppin,Obi,1610612754,IND,28.0,21,4,17,0.19,16.3,4.0,7.8,0.521,1.6,4.2,0.386,1.6,1.8,0.892,0.5,3.6,4.1,2.4,1.0,0.4,0.0,0.3,1.0,1.7,11.3,-1.2,20.2,0,0,20.3,21.6,199,337,42,442,352,184,224,123,133,164,163,186,219,88,352,139,196,184,229,358,437,312,403,197,174,304,240,200,23,223,241,1
1630534,Ochai Agbaji,Ochai,1610612751,BKN,26.0,19,4,15,0.211,16.1,2.6,5.6,0.467,1.2,3.3,0.349,0.6,0.7,0.786,0.5,1.6,2.1,0.8,0.6,0.4,0.3,0.3,0.9,0.6,7.0,-2.8,12.0,0,0,12.3,12.6,244,337,65,431,353,319,314,253,230,229,232,380,394,244,329,373,379,427,373,388,284,324,420,408,322,353,384,200,23,370,385,1
1630846,Olivier Sarr,Olivier,1610612739,CLE,27.0,4,3,1,0.75,9.8,1.3,1.8,0.714,0.5,0.8,0.667,0.5,1.3,0.4,0.5,2.3,2.8,1.3,0.5,0.5,0.8,0.0,2.3,1.3,3.5,6.5,11.9,0,0,10.5,12.5,478,387,474,83,442,438,488,10,356,428,5,395,305,480,336,289,318,329,400,324,89,463,130,277,435,45,385,200,23,398,386,1
1641765,Olivier-Maxence Prosper,Olivier-Maxence,1610612763,MEM,23.0,24,5,19,0.208,24.4,5.5,9.4,0.58,1.5,3.9,0.398,1.9,2.8,0.676,1.4,2.9,4.3,1.3,1.1,1.3,0.4,0.4,2.4,2.2,14.4,-5.3,25.6,1,0,25.0,26.5,107,311,23,433,201,95,160,61,148,182,139,148,115,383,111,206,173,317,217,54,199,218,100,132,109,427,143,106,23,130,153,1
1630209,Omer Yurtseven,Omer,1610612744,GSW,28.0,9,3,6,0.333,11.6,1.2,2.9,0.423,0.0,0.4,0.0,1.3,2.0,0.667,1.4,1.9,3.3,0.9,1.0,0.2,0.1,0.4,1.7,1.9,3.8,-1.6,9.1,0,0,8.7,9.9,407,387,304,360,420,442,432,372,450,452,450,219,186,387,103,335,253,402,237,452,398,198,267,162,433,311,423,200,23,426,422,1
1630168,Onyeka Okongwu,Onyeka,1610612737,ATL,25.0,24,19,5,0.792,29.2,4.7,10.0,0.471,1.7,4.6,0.369,1.8,2.6,0.71,2.0,5.4,7.4,2.9,1.3,1.0,1.3,0.5,2.8,2.0,13.0,11.2,31.6,5,0,29.4,32.8,107,27,336,65,96,139,139,246,123,133,193,156,135,351,62,38,40,146,196,112,23,161,30,141,134,7,72,31,23,85,86,1
1631131,Oscar Tshiebwe,Oscar,1610612762,UTA,26.0,24,3,21,0.125,17.4,3.7,5.8,0.64,0.0,0.0,0.0,1.1,2.0,0.563,3.0,4.1,7.1,1.1,0.8,0.6,0.2,0.6,1.5,1.4,8.5,-3.5,20.4,3,0,18.4,20.4,107,387,7,478,335,218,308,36,450,489,450,255,186,448,21,98,49,362,298,277,322,117,307,248,267,382,235,55,23,266,266,1
1642345,Oso Ighodaro,Oso,1610612756,PHX,23.0,27,13,14,0.481,26.2,3.9,5.6,0.684,0.0,0.0,0.0,0.7,1.7,0.391,2.0,4.2,6.2,3.2,1.2,0.8,0.9,0.4,2.9,1.6,8.4,1.7,24.5,3,0,21.2,26.1,27,140,78,312,156,207,315,17,450,489,450,353,228,482,53,89,67,121,202,198,71,246,25,212,274,162,159,55,23,203,165,1
1631172,Ousmane Dieng,Ousmane,1610612749,MIL,23.0,27,8,19,0.296,27.4,4.3,10.4,0.411,1.4,4.4,0.308,0.9,1.3,0.686,0.7,3.8,4.6,3.8,2.5,0.8,0.2,0.5,1.9,1.5,10.9,-9.6,22.5,4,0,22.6,26.0,27,240,23,387,131,165,127,397,186,144,327,311,295,378,262,124,157,92,38,219,304,158,230,236,196,502,192,41,23,172,168,1
1629023,P.J. Washington,P.J.,1610612742,DAL,27.0,17,6,11,0.353,31.7,5.2,11.4,0.456,1.6,4.5,0.368,2.2,3.1,0.717,1.8,5.4,7.2,1.5,0.9,1.0,0.5,0.8,1.8,2.0,14.2,-4.7,28.7,4,0,27.6,28.9,284,279,138,358,48,111,112,292,128,142,194,108,97,340,72,40,46,296,264,112,149,56,239,141,114,415,102,41,23,100,121,1
1641790,PJ Hall,PJ,1610612766,CHA,24.0,3,1,2,0.333,14.2,0.3,2.7,0.125,0.0,0.0,0.0,1.3,1.3,1.0,2.0,2.3,4.3,1.0,1.3,0.3,0.3,1.0,1.3,1.0,2.0,-9.0,9.4,0,0,8.7,10.3,494,472,438,360,379,511,446,519,450,489,450,219,283,1,53,276,173,375,176,399,219,27,355,328,483,493,420,200,23,426,416,1
1642359,Pacôme Dadiet,Pacôme,1610612752,NYK,20.0,9,7,2,0.778,7.5,1.4,3.9,0.371,0.7,2.7,0.25,0.3,0.6,0.6,0.2,1.2,1.4,0.3,0.3,0.0,0.1,0.1,0.6,0.3,3.9,-0.3,6.1,0,0,6.6,6.3,407,256,438,70,471,423,390,462,325,281,395,443,426,427,457,414,439,491,451,494,398,421,475,467,426,261,465,200,23,458,469,1
1631094,Paolo Banchero,Paolo,1610612753,ORL,23.0,29,17,12,0.586,35.2,7.8,16.6,0.467,1.2,3.9,0.31,6.8,8.6,0.792,1.3,7.0,8.3,5.8,3.6,0.7,0.4,1.4,2.1,5.6,23.6,2.2,42.1,10,1,41.2,46.9,1,61,108,231,10,23,26,256,225,181,325,7,5,238,127,12,28,32,6,238,174,7,171,11,18,142,16,9,10,16,16,1
1627783,Pascal Siakam,Pascal,1610612754,IND,32.0,11,3,8,0.273,30.3,9.5,18.9,0.5,1.1,3.7,0.293,4.9,6.5,0.75,0.9,5.3,6.2,3.2,2.5,1.1,0.2,1.2,2.2,5.5,24.9,-6.0,38.5,1,0,37.9,41.3,370,387,235,398,76,7,9,158,241,190,350,24,18,293,216,43,71,122,42,97,344,16,146,12,15,444,32,106,23,32,35,1
1626192,Pat Connaughton,Pat,1610612766,CHA,33.0,20,15,5,0.75,7.1,0.8,2.0,0.4,0.5,1.3,0.4,0.3,0.4,0.714,0.5,1.1,1.6,0.2,0.4,0.3,0.0,0.2,0.2,0.4,2.4,-1.6,5.0,0,0,5.2,5.2,228,97,336,83,476,476,471,418,356,397,131,459,465,341,363,427,428,508,434,421,447,407,508,464,474,313,486,200,23,477,486,1
1630311,Pat Spencer,Pat,1610612744,GSW,29.0,27,8,19,0.296,23.0,3.4,8.1,0.417,1.1,3.4,0.319,0.7,0.9,0.783,0.8,1.7,2.5,4.0,1.5,0.8,0.1,0.5,1.2,0.7,8.5,-2.6,18.9,0,0,18.0,21.9,27,240,23,387,229,247,211,385,244,224,301,353,368,250,236,355,337,77,149,198,398,158,380,391,270,345,272,200,23,276,233,1
1631116,Patrick Baldwin Jr.,Patrick,1610612758,SAC,23.0,6,2,4,0.333,14.7,1.3,3.8,0.348,0.7,1.8,0.364,0.5,0.8,0.6,2.0,1.5,3.5,0.8,0.7,0.5,0.8,0.0,2.2,0.7,3.8,-8.0,12.6,0,0,11.5,13.0,444,433,368,360,373,429,392,482,325,341,200,395,372,427,53,381,233,415,356,324,77,463,153,396,430,482,375,200,23,384,379,1
1630172,Patrick Williams,Patrick,1610612741,CHI,24.0,21,4,17,0.19,23.6,2.5,7.2,0.344,1.3,4.7,0.276,1.0,1.3,0.778,0.5,2.6,3.1,1.9,1.3,0.8,0.5,0.3,1.3,1.2,7.2,-4.9,16.3,0,0,16.0,17.9,199,337,42,442,220,331,247,483,202,127,382,269,296,255,332,245,270,239,176,221,152,266,355,280,317,419,313,200,23,304,306,1
202331,Paul George,Paul,1610612755,PHI,36.0,10,6,4,0.6,31.1,7.5,15.9,0.472,3.4,8.2,0.415,2.6,3.5,0.743,0.6,5.1,5.7,3.3,2.0,2.2,0.3,0.6,2.4,3.1,21.0,-0.8,38.3,1,0,38.4,40.8,389,279,368,215,60,30,30,242,8,15,100,82,77,314,310,48,84,116,79,5,258,125,94,66,28,282,33,106,23,29,36,1
1630194,Paul Reed,Paul,1610612765,DET,27.0,27,20,7,0.741,15.4,4.0,6.2,0.643,0.1,0.5,0.214,1.7,2.3,0.714,2.2,2.7,4.9,1.2,0.8,0.8,1.3,0.4,2.2,1.6,9.8,0.7,23.0,1,0,20.2,23.4,27,15,267,100,364,189,294,34,439,449,422,172,159,341,39,223,127,350,323,198,21,246,145,206,231,214,183,106,23,226,203,1
1630202,Payton Pritchard,Payton,1610612738,BOS,28.0,26,20,6,0.769,31.7,6.2,13.3,0.467,2.9,6.9,0.422,1.2,1.2,1.0,0.8,2.7,3.5,4.8,1.8,0.7,0.2,0.5,1.7,1.5,16.6,8.7,28.8,1,0,29.5,32.3,54,15,304,74,50,69,59,255,21,37,88,235,311,1,227,226,233,56,106,270,338,189,262,239,77,17,101,106,23,84,91,1
1642362,Payton Sandfort,Payton,1610612760,OKC,23.0,4,2,2,0.5,15.8,3.3,6.5,0.5,1.8,4.3,0.412,0.5,1.0,0.5,0.3,2.3,2.5,0.0,0.3,0.3,0.0,0.0,2.0,0.5,8.8,-4.8,12.3,0,0,13.5,12.0,478,433,438,294,360,259,283,158,115,157,105,395,337,459,445,289,338,519,476,433,447,463,187,427,259,416,380,200,23,357,392,1
1641796,Pelle Larsson,Pelle,1610612748,MIA,25.0,25,13,12,0.52,30.9,4.5,9.0,0.496,0.8,2.6,0.303,3.8,4.6,0.826,1.3,2.4,3.8,3.5,2.0,0.8,0.2,0.5,2.6,3.8,13.6,1.9,24.4,1,0,23.7,27.5,81,140,108,289,65,151,174,186,301,286,335,44,45,189,124,262,220,101,76,208,298,181,58,41,121,157,161,106,23,154,142,1
1631250,Pete Nance,Pete,1610612749,MIL,26.0,24,6,18,0.25,20.4,2.3,5.0,0.454,1.1,3.2,0.355,0.2,0.5,0.364,0.7,2.6,3.3,1.4,0.7,0.3,0.4,0.3,1.8,0.5,5.8,-5.0,13.3,1,0,13.0,14.0,107,279,30,408,279,352,347,301,239,237,219,475,452,486,286,243,259,304,356,425,181,327,248,442,363,423,364,106,23,362,365,1
1631212,Peyton Watson,Peyton,1610612743,DEN,23.0,5,5,0,1.0,19.2,4.2,9.8,0.429,1.2,3.4,0.353,2.0,2.6,0.769,0.8,4.0,4.8,3.0,1.4,0.0,0.6,0.2,3.0,2.0,11.6,4.0,22.3,0,0,21.8,24.2,463,311,513,1,301,172,144,362,226,218,223,136,131,270,238,102,136,131,165,494,122,365,20,141,167,83,195,200,23,186,189,1
1630173,Precious Achiuwa,Precious,1610612758,SAC,26.0,25,10,15,0.4,30.9,6.9,12.4,0.555,0.4,1.7,0.256,1.5,2.6,0.585,3.5,5.8,9.2,1.8,1.3,1.0,1.0,1.0,1.8,1.9,15.7,-2.2,34.1,9,0,31.2,34.5,81,192,65,339,63,48,77,84,377,347,391,193,131,436,12,30,16,244,181,112,63,27,254,157,83,336,53,16,23,69,70,1
1629656,Quentin Grimes,Quentin,1610612755,PHI,26.0,27,15,12,0.556,28.6,5.3,11.3,0.467,1.5,4.6,0.32,2.6,3.3,0.807,0.6,2.9,3.4,2.6,1.6,0.7,0.3,0.5,2.1,2.5,14.7,-0.7,24.2,0,0,24.3,26.4,27,97,108,262,112,102,113,252,160,132,299,81,90,214,322,209,240,172,125,250,219,158,168,111,100,280,166,200,23,142,156,1
1631245,Quenton Jackson,Quenton,1610612754,IND,27.0,23,3,20,0.13,21.0,3.6,7.8,0.461,0.8,2.6,0.305,2.1,2.3,0.889,0.6,2.1,2.7,3.8,1.4,0.6,0.0,0.7,1.8,2.6,10.1,-4.5,19.5,0,0,18.6,22.3,140,387,12,475,269,227,221,277,309,294,331,127,155,90,320,302,325,90,168,300,443,106,238,104,220,410,260,200,23,261,224,1
1642366,Quinten Post,Quinten,1610612744,GSW,26.0,12,3,9,0.25,18.6,3.0,6.8,0.444,0.9,3.6,0.256,0.7,0.9,0.727,1.3,3.7,5.0,1.6,1.3,0.3,0.8,0.3,1.6,1.2,7.6,-2.8,17.6,0,0,17.1,18.8,360,387,188,408,316,282,268,325,282,199,391,353,361,325,119,134,122,276,176,433,89,327,289,300,306,350,289,200,23,291,291,1
1629628,RJ Barrett,RJ,1610612761,TOR,26.0,26,14,12,0.538,31.2,7.4,14.8,0.503,1.6,4.8,0.336,3.7,5.0,0.731,1.0,4.3,5.3,3.0,1.7,0.7,0.4,1.2,2.8,3.7,20.1,4.3,32.4,0,0,32.1,34.5,54,120,108,278,58,34,42,157,134,117,260,48,37,322,183,83,104,131,108,270,195,15,32,43,37,82,65,200,23,58,69,1
1642853,Rasheer Fleming,Rasheer,1610612756,PHX,21.0,25,11,14,0.44,18.6,2.3,5.3,0.436,1.4,3.4,0.405,0.4,0.9,0.478,1.4,1.9,3.4,0.4,0.8,0.6,0.6,0.2,1.7,0.8,6.4,4.7,13.8,0,0,13.9,14.1,81,177,78,327,315,346,331,347,189,225,120,423,359,476,105,333,250,490,315,275,136,343,265,381,342,67,357,200,23,351,364,1
1642484,RayJ Dennis,RayJ,1610612737,ATL,25.0,2,1,1,0.5,14.8,2.0,5.0,0.4,1.0,3.0,0.333,0.0,0.0,0.0,0.0,1.5,1.5,1.5,1.0,0.0,0.0,0.0,2.0,0.0,5.0,-12.0,8.1,0,0,9.0,9.5,508,472,474,294,371,372,341,418,250,251,261,497,501,497,496,381,430,287,237,494,447,463,187,508,388,518,442,200,23,422,428,1
1641712,Rayan Rupert,Rayan,1610612763,MEM,22.0,16,3,13,0.188,31.0,4.4,10.4,0.422,1.4,4.1,0.338,2.1,2.5,0.825,1.6,4.8,6.4,2.1,1.7,1.6,0.4,0.9,4.0,1.5,12.2,-12.0,27.5,3,1,26.2,29.0,298,387,89,446,62,158,129,374,184,171,256,129,141,192,96,60,63,207,113,21,175,50,2,228,146,518,114,55,10,118,120,1
1642263,Reed Sheppard,Reed,1610612745,HOU,22.0,29,19,10,0.655,28.9,5.4,12.4,0.438,3.4,8.4,0.404,0.8,1.0,0.857,0.3,3.1,3.5,4.1,1.8,1.6,0.8,0.4,2.2,0.7,15.1,4.0,30.8,2,0,30.9,34.0,1,27,162,181,108,96,75,344,7,13,121,324,349,132,395,181,238,75,96,26,80,197,152,389,96,86,77,71,23,72,73,1
1642434,Riley Minix,Riley,1610612739,CLE,25.0,6,5,1,0.833,8.3,1.7,2.8,0.588,0.5,1.5,0.333,0.5,0.5,1.0,0.2,0.5,0.7,0.7,0.5,0.2,0.2,0.0,0.7,0.7,4.3,3.2,6.6,0,0,6.8,7.3,444,311,474,43,458,406,436,59,356,365,261,395,436,1,476,498,499,442,400,469,357,463,457,396,409,113,460,200,23,454,457,1
1642265,Rob Dillingham,Rob,1610612741,CHI,21.0,27,7,20,0.259,21.1,3.8,9.0,0.426,1.1,3.5,0.309,0.7,1.0,0.714,0.4,2.5,2.9,2.7,2.1,0.8,0.1,0.6,2.6,1.1,9.4,-3.3,17.7,0,0,18.0,20.6,27,256,12,405,266,210,176,367,244,211,326,342,334,341,379,253,306,162,69,198,398,115,53,318,243,375,287,200,23,275,263,1
1629057,Robert Williams III,Robert,1610612757,POR,28.0,21,12,9,0.571,18.5,3.2,5.0,0.648,0.1,0.3,0.286,0.7,1.4,0.483,3.0,5.0,8.0,0.8,1.0,0.6,1.5,0.3,1.3,1.0,7.2,4.3,23.4,3,0,20.4,23.2,199,158,188,244,317,261,341,32,442,457,359,353,274,475,20,52,31,422,262,297,11,266,355,325,317,81,177,55,23,221,208,1
1642911,Rocco Zikarsky,Rocco,1610612750,MIN,19.0,5,1,4,0.2,7.3,1.0,1.6,0.625,0.0,0.0,0.0,0.8,0.8,1.0,0.4,2.4,2.8,0.4,0.2,0.0,1.0,0.0,0.6,0.4,2.8,1.4,9.6,0,0,8.0,9.4,463,472,368,434,472,456,494,43,450,489,450,330,380,1,380,265,315,484,489,494,47,463,467,451,461,181,418,200,23,435,431,1
1631199,Ron Harper Jr.,Ron,1610612738,BOS,26.0,19,14,5,0.737,11.1,1.9,4.2,0.456,1.2,2.9,0.393,0.1,0.1,1.0,0.3,1.1,1.4,0.7,0.4,0.5,0.3,0.1,0.6,0.4,5.1,0.5,9.7,0,0,9.8,10.2,244,120,336,103,429,382,382,294,230,258,151,490,498,1,416,426,442,432,442,341,284,454,473,460,386,224,416,200,23,411,418,1
1641842,Ronald Holland II,Ronald,1610612765,DET,20.0,29,20,9,0.69,18.4,3.1,6.7,0.466,0.7,2.3,0.299,1.4,1.7,0.84,1.1,2.4,3.5,0.9,1.0,0.9,0.3,0.7,2.6,1.7,8.3,-1.4,16.3,1,0,15.8,17.1,1,15,188,145,318,273,273,257,320,307,343,205,225,162,175,261,232,411,236,179,250,103,71,189,276,308,311,106,23,310,321,1
1626220,Royce O'Neale,Royce,1610612756,PHX,33.0,23,11,12,0.478,26.0,2.8,6.9,0.411,2.5,6.1,0.414,0.3,0.4,0.8,0.9,3.7,4.6,2.1,0.8,0.8,0.7,0.0,2.3,0.7,8.5,-3.4,21.1,0,0,20.9,22.0,140,177,108,314,159,305,264,396,43,64,101,441,458,223,223,129,153,211,306,193,95,458,112,395,268,379,222,200,23,208,228,1
203497,Rudy Gobert,Rudy,1610612750,MIN,34.0,22,13,9,0.591,31.4,4.3,6.7,0.635,0.0,0.1,0.0,2.2,3.7,0.593,4.4,7.9,12.3,1.7,1.6,0.8,1.7,0.8,2.5,3.6,10.7,-0.5,34.0,9,0,29.7,34.0,170,140,188,228,54,168,269,39,450,477,450,118,71,435,2,7,2,260,126,195,8,72,72,45,199,265,54,16,23,80,76,1
1629060,Rui Hachimura,Rui,1610612747,LAL,28.0,24,18,6,0.75,25.5,4.1,7.8,0.521,1.5,3.5,0.434,0.6,1.0,0.609,0.6,2.3,3.0,0.7,0.3,0.6,0.3,0.2,1.7,0.6,10.3,2.6,17.4,1,0,17.3,17.5,107,41,304,83,168,181,219,124,152,215,63,377,351,424,302,276,297,436,451,277,219,395,260,414,216,125,294,106,23,286,313,1
201566,Russell Westbrook,Russell,1610612758,SAC,37.0,12,4,8,0.333,27.6,5.3,13.0,0.41,1.8,5.8,0.304,2.2,3.2,0.684,0.7,3.7,4.3,7.0,2.7,1.3,0.3,0.8,1.6,2.3,14.6,-7.3,32.4,3,2,30.8,37.7,360,337,235,360,128,101,64,400,115,74,332,120,94,379,286,134,173,13,27,65,219,78,289,121,102,474,66,55,5,73,50,1
1642346,Ryan Dunn,Ryan,1610612756,PHX,23.0,22,12,10,0.545,19.1,2.2,4.6,0.485,0.8,2.2,0.347,0.1,0.6,0.231,1.4,3.2,4.6,1.3,0.5,0.8,0.4,0.3,1.3,0.4,5.4,-0.7,16.0,1,0,14.5,16.2,170,158,162,268,302,356,359,206,310,314,238,486,423,495,117,169,154,326,400,195,183,318,368,450,381,277,321,106,23,336,333,1
1641750,Ryan Kalkbrenner,Ryan,1610612766,CHA,24.0,26,17,9,0.654,19.0,2.7,3.6,0.742,0.0,0.1,0.0,1.1,1.4,0.806,2.3,2.3,4.6,1.0,0.7,0.2,1.4,0.3,1.3,1.2,6.4,4.4,17.7,1,0,15.3,17.9,54,61,188,183,308,317,404,8,450,481,450,258,273,216,34,286,152,375,363,463,14,263,364,291,343,78,288,106,23,320,307,1
1642948,Ryan Nembhard,Ryan,1610612742,DAL,23.0,22,4,18,0.182,20.8,2.6,6.6,0.393,0.7,2.2,0.313,0.7,0.8,0.833,0.2,2.7,3.0,5.9,1.4,0.7,0.0,0.2,1.5,0.9,6.5,0.6,19.8,1,0,17.5,23.5,170,337,30,447,273,323,280,430,322,318,319,351,374,172,456,219,298,31,172,262,440,384,300,362,339,218,249,106,23,282,202,1
1631157,Ryan Rollins,Ryan,1610612749,MIL,23.0,23,8,15,0.348,32.3,6.8,13.8,0.491,2.7,6.7,0.405,2.0,2.3,0.87,0.5,4.0,4.5,5.9,3.4,1.5,0.5,1.0,2.3,2.1,18.3,-5.7,35.1,4,0,35.4,40.6,140,240,65,359,38,54,50,196,34,45,119,132,155,117,334,111,162,30,8,37,164,42,112,136,53,438,47,41,23,40,37,1
1630180,Saddiq Bey,Saddiq,1610612740,NOP,27.0,23,10,13,0.435,32.7,6.9,14.9,0.461,2.5,6.3,0.4,3.7,4.5,0.835,1.8,3.1,4.9,2.7,1.4,1.0,0.2,0.7,1.7,2.8,20.0,-1.2,32.1,1,0,32.5,33.9,140,192,89,329,34,49,41,279,43,53,131,46,48,171,71,189,128,167,162,112,318,82,274,90,38,303,70,106,23,56,77,1
1630573,Sam Hauser,Sam,1610612738,BOS,28.0,27,20,7,0.741,26.2,3.4,7.8,0.438,2.4,6.2,0.395,0.2,0.3,0.75,0.8,3.2,4.0,1.6,0.3,0.3,0.2,0.2,1.4,0.5,9.5,7.0,17.8,0,0,18.5,18.1,27,15,267,100,155,242,222,343,49,58,146,466,474,293,236,174,201,273,469,432,304,350,329,434,240,41,286,200,23,263,302,1
1630241,Sam Merrill,Sam,1610612739,CLE,30.0,21,15,6,0.714,28.2,4.0,9.5,0.427,2.3,6.9,0.34,1.1,1.3,0.821,0.3,2.6,3.0,2.6,0.6,0.7,0.1,0.3,2.2,1.8,11.5,3.6,20.7,1,0,21.0,22.0,199,97,304,114,118,184,159,365,58,38,251,261,283,196,397,230,299,170,377,264,416,266,143,177,169,98,231,106,23,206,228,1
1630572,Sandro Mamukelashvili,Sandro,1610612761,TOR,27.0,27,14,13,0.519,20.4,3.9,7.6,0.52,1.5,3.7,0.4,1.4,1.9,0.712,1.0,3.7,4.7,1.8,0.7,0.9,0.3,0.4,1.6,1.2,10.7,3.6,21.9,0,0,21.1,22.6,27,120,89,291,280,198,231,125,160,192,131,218,203,349,183,132,144,253,340,168,219,246,286,282,202,97,202,200,23,204,217,1
1630703,Scoot Henderson,Scoot,1610612757,POR,22.0,26,15,11,0.577,25.7,4.9,12.0,0.409,1.9,5.5,0.35,2.5,3.0,0.844,0.7,2.0,2.6,3.5,2.1,0.9,0.3,0.7,2.7,2.9,14.3,1.4,24.3,0,0,24.8,27.6,54,97,138,238,165,128,85,404,97,81,230,91,106,158,296,327,330,109,67,155,215,92,41,82,113,179,165,200,23,132,138,1
1630567,Scottie Barnes,Scottie,1610612761,TOR,24.0,26,13,13,0.5,31.7,6.3,12.2,0.514,0.7,2.3,0.311,2.3,2.9,0.8,1.2,4.4,5.6,6.6,2.6,1.7,1.2,0.3,2.2,2.7,15.6,4.6,38.1,6,1,34.2,42.9,54,140,89,294,47,66,83,133,316,305,321,100,113,223,149,77,88,18,29,15,33,263,142,97,88,69,35,26,10,48,30,1
1630590,Scotty Pippen Jr.,Scotty,1610612763,MEM,25.0,7,2,5,0.286,21.7,4.4,10.3,0.431,1.0,3.6,0.28,1.9,2.4,0.765,1.0,1.7,2.7,4.9,3.1,1.9,0.3,0.7,2.6,2.6,11.7,-5.4,25.5,0,0,24.6,30.6,429,433,336,392,248,153,133,360,250,200,374,154,151,276,183,352,322,53,15,11,266,87,65,103,163,430,145,200,23,138,107,1
1642951,Sean Pedulla,Sean,1610612746,LAC,23.0,7,4,3,0.571,4.4,0.7,2.1,0.333,0.4,1.4,0.3,0.0,0.0,0.0,0.0,0.4,0.4,0.7,0.1,0.0,0.0,0.1,0.6,0.0,1.9,-2.9,3.3,0,0,3.4,3.7,429,337,405,244,506,481,468,487,378,377,338,497,501,497,496,503,512,435,502,494,447,409,474,508,490,357,507,200,23,503,507,1
203552,Seth Curry,Seth,1610612744,GSW,35.0,8,1,7,0.125,12.6,2.3,5.0,0.45,1.3,2.6,0.476,1.4,1.5,0.917,0.4,0.6,1.0,0.9,0.3,0.1,0.0,0.1,0.5,0.8,7.1,-0.6,9.8,0,0,10.5,10.3,418,472,267,478,410,352,341,310,211,289,29,216,254,65,390,489,474,407,476,480,447,418,477,382,320,274,414,200,23,398,417,1
1631101,Shaedon Sharpe,Shaedon,1610612757,POR,23.0,2,2,0,1.0,16.1,3.0,10.5,0.286,1.0,4.5,0.222,1.5,1.5,1.0,1.5,1.0,2.5,3.0,1.5,1.0,0.0,1.0,1.5,1.0,8.5,4.5,17.5,0,0,17.0,20.0,508,433,513,1,355,282,126,504,250,140,416,195,254,1,98,434,338,131,138,112,447,27,307,328,269,75,291,200,23,292,270,1
1628983,Shai Gilgeous-Alexander,Shai,1610612760,OKC,27.0,19,18,1,0.947,33.0,10.4,18.8,0.552,1.5,3.9,0.373,7.2,8.5,0.846,0.6,3.3,3.9,7.1,2.5,1.6,0.7,1.1,2.0,5.9,29.4,12.6,49.3,3,0,46.6,54.5,244,41,474,16,26,2,11,86,163,179,186,5,7,154,316,164,212,12,32,20,96,21,187,9,2,3,4,55,23,4,4,1
1630536,Sharife Cooper,Sharife,1610612764,WAS,25.0,29,3,26,0.103,18.2,3.4,6.7,0.508,0.7,2.0,0.351,1.6,1.8,0.849,0.5,1.6,2.0,3.5,1.5,0.4,0.1,0.8,1.6,1.9,9.1,-4.0,16.9,0,0,16.4,19.7,1,387,1,491,321,240,271,143,320,331,226,190,211,149,351,375,388,107,148,351,412,77,288,155,249,399,303,200,23,297,274,1
1631321,Sidy Cissoko,Sidy,1610612757,POR,22.0,25,15,10,0.6,12.8,1.0,2.7,0.358,0.2,1.3,0.152,0.2,0.6,0.429,0.4,1.0,1.4,1.4,0.6,0.6,0.4,0.2,1.9,1.2,2.4,-1.2,8.2,0,0,7.2,9.3,81,97,162,215,401,466,445,478,418,391,443,464,425,478,365,434,441,315,370,303,207,402,216,305,473,302,438,200,23,446,434,1
1631323,Simone Fontecchio,Simone,1610612748,MIA,30.0,17,9,8,0.529,14.2,2.6,5.3,0.5,1.6,3.6,0.452,1.0,1.1,0.895,0.6,1.4,2.1,1.1,0.4,0.5,0.0,0.1,1.4,0.6,7.9,0.0,13.1,0,0,13.7,13.6,284,221,235,281,380,318,333,158,128,196,44,269,324,79,298,399,385,363,433,345,447,420,353,413,295,244,368,200,23,353,371,1
1642883,Sion James,Sion,1610612766,CHA,23.0,27,18,9,0.667,19.5,1.6,4.5,0.355,1.1,3.3,0.33,0.6,0.8,0.773,0.7,3.0,3.6,2.1,0.6,0.8,0.1,0.3,1.8,1.0,4.9,4.4,14.6,0,0,13.5,15.4,27,41,188,155,293,413,365,481,244,232,284,371,376,266,286,198,226,213,393,198,398,307,251,344,393,77,344,200,23,356,346,1
1642461,Spencer Jones,Spencer,1610612743,DEN,25.0,18,11,7,0.611,18.4,1.8,3.7,0.5,0.5,1.6,0.321,0.2,0.3,0.5,1.3,2.3,3.7,0.7,0.3,0.6,0.5,0.3,2.6,0.4,4.3,1.1,12.7,1,0,11.3,12.6,268,177,267,211,319,383,399,158,356,362,298,475,466,459,119,276,223,434,473,305,154,317,69,444,409,195,373,106,23,388,384,1
1630649,Stanley Umude,Stanley,1610612759,SAS,27.0,1,1,0,1.0,4.4,1.0,2.0,0.5,0.0,1.0,0.0,0.0,0.0,0.0,0.0,0.0,0.0,1.0,0.0,1.0,0.0,0.0,1.0,0.0,2.0,-9.0,6.5,0,0,5.0,7.0,519,472,513,1,508,456,471,158,450,410,450,497,501,497,496,518,518,375,507,112,447,463,403,508,483,493,461,200,23,479,460,1
201939,Stephen Curry,Stephen,1610612744,GSW,38.0,4,1,3,0.25,26.8,6.5,13.8,0.473,3.8,9.0,0.417,3.5,4.3,0.824,0.3,3.8,4.0,3.5,2.5,1.3,0.3,0.5,0.3,3.0,20.3,6.8,32.3,0,0,34.5,35.8,478,472,405,408,145,59,53,236,3,5,95,50,52,193,445,128,201,102,34,65,288,161,504,69,36,42,67,200,23,45,60,1
1642264,Stephon Castle,Stephon,1610612759,SAS,21.0,24,20,4,0.833,29.6,5.6,11.6,0.484,1.5,3.5,0.417,4.1,5.4,0.76,1.8,4.0,5.8,8.1,2.8,0.8,0.2,0.9,3.1,4.3,16.8,10.8,36.1,10,3,34.2,41.8,107,15,368,43,87,88,100,211,166,205,95,36,31,285,76,102,81,7,22,188,357,45,17,26,74,9,41,9,3,49,34,1
1629004,Svi Mykhailiuk,Svi,1610612762,UTA,29.0,5,0,5,0.0,16.9,4.4,9.2,0.478,3.4,7.2,0.472,0.4,0.6,0.667,1.2,1.0,2.2,1.6,0.8,0.6,0.0,0.4,0.4,0.8,12.6,3.2,18.6,0,0,21.0,19.8,463,510,336,510,341,156,165,223,8,32,31,430,418,387,144,434,364,271,315,284,447,223,490,369,138,112,274,200,23,205,273,1
204456,T.J. McConnell,T.J.,1610612754,IND,34.0,16,2,14,0.125,17.7,4.0,7.5,0.533,0.3,0.8,0.333,0.6,0.8,0.769,0.3,1.9,2.3,5.9,0.9,0.7,0.1,0.2,0.8,1.3,8.9,-4.3,22.0,1,0,18.9,25.4,298,433,78,478,332,189,234,104,406,428,261,372,377,270,419,331,360,29,267,259,388,382,440,269,252,405,201,106,23,255,175,1
1643007,Taelon Peter,Taelon,1610612754,IND,24.0,14,2,12,0.143,21.2,2.9,7.1,0.41,1.8,5.1,0.347,0.4,0.7,0.6,0.3,1.9,2.2,1.2,1.2,1.2,0.1,0.4,1.9,0.9,8.1,-6.6,15.4,0,0,16.0,16.8,331,433,108,467,262,297,249,401,110,99,237,426,399,427,432,332,363,340,205,75,374,256,226,363,288,456,334,200,23,305,325,1
201959,Taj Gibson,Taj,1610612763,MEM,41.0,10,1,9,0.1,9.7,1.2,2.6,0.462,0.3,0.6,0.5,0.7,0.8,0.875,1.1,1.6,2.7,0.6,0.1,0.2,0.1,0.4,1.4,0.7,3.4,-0.7,8.3,0,0,7.6,8.2,389,472,188,494,443,444,450,272,401,444,15,349,380,103,169,368,324,454,504,455,414,223,335,392,439,278,435,200,23,442,451,1
1631106,Tari Eason,Tari,1610612745,HOU,25.0,29,19,10,0.655,26.3,3.4,9.1,0.373,0.8,3.8,0.218,1.0,1.1,0.906,2.2,4.2,6.4,1.6,1.1,1.1,0.4,0.6,2.4,1.3,8.6,2.9,21.9,4,0,20.3,22.6,1,27,162,181,152,245,172,460,298,185,421,269,326,71,40,92,62,280,216,95,198,147,99,275,263,117,204,41,23,222,219,1
1627752,Taurean Prince,Taurean,1610612749,MIL,32.0,18,5,13,0.278,24.6,3.8,8.5,0.451,2.7,6.2,0.438,0.2,0.2,1.0,0.2,3.6,3.8,2.1,1.4,0.6,0.2,0.2,1.6,0.4,10.6,-3.6,19.1,2,0,20.7,20.9,268,311,89,397,194,208,188,305,33,55,53,475,491,1,457,140,219,210,158,305,304,350,298,444,205,385,268,71,23,213,254,1
1641707,Taylor Hendricks,Taylor,1610612763,MEM,22.0,22,4,18,0.182,24.5,4.2,8.8,0.474,1.5,4.5,0.347,1.0,1.4,0.7,1.5,3.2,4.7,1.2,1.2,1.5,1.0,0.6,2.1,1.4,10.9,-1.6,24.5,1,0,23.2,25.3,170,337,30,447,197,175,180,231,147,143,238,297,279,358,98,169,139,351,212,44,47,113,162,261,195,312,160,106,23,162,177,1
1629611,Terance Mann,Terance,1610612751,BKN,29.0,17,2,15,0.118,21.6,2.4,4.9,0.476,1.0,2.4,0.425,0.6,0.9,0.688,0.9,2.0,2.9,1.9,1.0,0.4,0.2,0.2,2.4,0.9,6.4,-7.8,13.7,0,0,13.5,15.1,284,433,65,485,253,341,349,228,250,304,81,369,355,374,211,315,301,231,237,371,301,390,105,358,347,480,358,200,23,355,350,1
1630545,Terrence Shannon Jr,Terrence,1610612750,MIN,25.0,21,10,11,0.476,12.2,2.1,4.3,0.5,0.8,1.9,0.41,1.7,2.0,0.814,0.2,0.8,1.0,1.1,0.4,0.3,0.0,0.2,1.0,1.4,6.7,0.0,10.2,0,0,10.3,11.0,199,192,138,315,413,366,376,158,311,339,109,172,181,206,468,463,474,360,430,399,447,344,403,246,332,244,408,200,23,403,407,1
203648,Thanasis Antetokounmpo,Thanasis,1610612749,MIL,33.0,15,3,12,0.2,6.1,0.5,1.1,0.412,0.0,0.2,0.0,0.7,1.3,0.579,0.3,0.8,1.1,0.9,0.5,0.5,0.2,0.1,0.6,0.9,1.7,-0.9,5.9,0,0,5.0,6.5,313,387,108,434,491,505,508,391,450,469,450,343,300,442,397,465,467,409,423,346,327,448,467,348,494,287,473,200,23,479,467,1
1628418,Thomas Bryant,Thomas,1610612739,CLE,28.0,21,14,7,0.667,15.4,3.0,5.9,0.5,1.0,2.7,0.375,1.0,1.3,0.75,1.3,3.1,4.4,0.4,0.6,0.4,0.5,0.1,1.4,1.3,7.9,1.1,15.9,1,0,15.5,15.8,199,120,267,155,363,295,304,158,250,281,177,269,283,293,131,179,166,488,377,358,167,409,343,273,297,192,322,106,23,315,339,1
1642275,Tidjane Salaün,Tidjane,1610612766,CHA,20.0,5,3,2,0.6,12.6,1.4,3.4,0.412,1.0,2.4,0.417,0.4,1.2,0.333,0.4,1.6,2.0,0.2,0.4,0.6,0.0,0.2,1.2,1.0,4.2,-7.4,8.3,0,0,8.6,8.4,463,387,438,215,408,425,409,391,250,302,95,430,316,488,380,368,389,508,434,284,447,365,377,328,413,475,437,200,23,429,447,1
203501,Tim Hardaway Jr.,Tim,1610612743,DEN,34.0,26,18,8,0.692,24.6,3.9,9.1,0.432,2.7,6.6,0.404,1.7,2.3,0.705,0.3,2.2,2.5,1.4,0.7,0.5,0.1,0.3,1.3,1.6,12.2,2.0,18.4,0,0,19.9,19.3,54,41,235,139,190,199,170,357,36,47,122,175,158,356,443,296,345,302,351,313,430,297,369,218,147,155,279,200,23,232,282,1
202699,Tobias Harris,Tobias,1610612765,DET,33.0,26,19,7,0.731,27.4,5.0,10.2,0.489,1.2,2.9,0.395,1.9,2.2,0.845,0.8,4.7,5.5,2.7,0.9,1.0,0.7,0.4,1.6,1.6,13.0,8.0,27.9,2,0,25.8,29.0,54,27,267,106,132,122,135,198,232,260,147,150,167,155,253,62,94,160,285,109,106,239,293,218,133,29,109,71,23,121,119,1
1643253,Toby Okani,Toby,1610612763,MEM,24.0,6,0,6,0.0,36.2,4.2,11.7,0.357,1.5,5.2,0.29,0.2,1.3,0.125,1.5,2.0,3.5,1.0,0.5,0.7,0.5,1.0,3.3,1.3,10.0,-22.8,18.7,0,0,18.3,19.0,444,510,304,510,4,177,98,479,152,98,356,475,283,496,98,315,233,375,400,264,154,27,10,264,222,526,273,200,23,268,285,1
1642449,Tolu Smith,Tolu,1610612765,DET,25.0,9,7,2,0.778,7.5,1.1,2.0,0.556,0.0,0.0,0.0,0.8,1.3,0.583,1.1,0.9,2.0,0.8,0.2,0.0,0.1,0.4,1.6,0.9,3.0,0.0,6.7,0,0,6.0,6.9,407,256,438,70,470,450,471,78,450,489,450,337,283,437,165,455,389,428,487,494,398,198,298,356,450,244,459,200,23,463,463,1
1628396,Tony Bradley,Tony,1610612737,ATL,28.0,3,1,2,0.333,11.5,1.7,3.7,0.455,0.3,0.7,0.5,0.0,0.0,0.0,1.3,1.7,3.0,0.7,0.3,0.0,0.0,0.3,0.7,0.7,3.7,-11.3,7.9,0,0,7.7,8.0,494,472,438,360,423,406,399,297,392,437,15,497,501,497,119,357,285,442,451,494,447,266,457,396,434,517,444,200,23,441,453,1
1641739,Toumani Camara,Toumani,1610612757,POR,26.0,26,15,11,0.577,33.0,5.0,11.5,0.438,2.8,7.6,0.371,1.2,1.7,0.721,1.2,3.4,4.7,2.2,1.3,1.5,0.4,0.5,2.3,2.3,14.1,2.2,27.2,1,0,27.4,28.7,54,97,138,238,25,121,107,342,22,24,190,241,234,335,141,158,147,203,193,43,195,149,125,124,115,139,119,106,23,103,123,1
1629027,Trae Young,Trae,1610612764,WAS,27.0,5,0,5,0.0,20.7,5.0,8.4,0.595,1.8,4.2,0.429,3.4,4.8,0.708,0.8,2.2,3.0,6.2,2.6,0.6,0.2,0.0,2.6,3.8,15.2,-5.8,27.9,0,0,27.8,33.0,463,510,336,510,274,122,196,55,107,162,74,53,42,352,238,294,285,22,28,284,327,463,58,39,95,441,108,200,23,97,84,1
1631218,Trayce Jackson-Davis,Trayce,1610612761,TOR,26.0,15,8,7,0.533,4.0,0.6,1.1,0.529,0.0,0.0,0.0,0.2,0.8,0.25,0.7,0.7,1.3,0.3,0.2,0.1,0.3,0.2,0.3,0.5,1.4,-0.6,4.5,0,0,3.9,4.6,313,240,267,280,513,496,508,110,450,489,450,469,380,492,286,479,445,491,489,479,281,365,496,438,501,271,491,200,23,498,495,1
1642848,Tre Johnson,Tre,1610612764,WAS,20.0,20,2,18,0.1,22.2,4.3,11.2,0.379,1.5,5.1,0.297,0.9,1.1,0.818,0.4,2.7,3.1,1.8,1.9,0.4,0.3,0.2,2.5,1.3,10.9,-10.8,17.2,0,0,18.5,19.4,228,433,30,494,241,170,116,448,152,102,346,309,327,198,380,227,277,247,94,396,288,365,84,271,193,512,299,200,23,265,281,1
1630200,Tre Jones,Tre,1610612741,CHI,26.0,27,7,20,0.259,27.1,6.5,11.7,0.556,0.7,2.4,0.303,2.7,3.3,0.831,0.5,2.9,3.4,4.7,1.5,1.0,0.1,1.1,1.5,2.9,16.4,-4.1,29.5,0,0,27.5,32.6,27,256,12,405,141,61,98,78,313,301,335,75,89,183,335,213,246,59,149,139,373,26,306,81,79,402,94,200,23,102,89,1
1630544,Tre Mann,Tre,1610612766,CHA,25.0,19,14,5,0.737,6.6,0.9,2.8,0.333,0.4,1.3,0.28,0.3,0.3,0.833,0.0,0.7,0.7,0.7,0.5,0.4,0.1,0.1,0.6,0.3,2.5,-2.2,5.4,0,0,5.3,6.1,244,120,336,103,481,467,435,487,388,392,374,458,471,172,496,474,491,440,421,368,435,454,465,485,466,335,477,200,23,473,475,1
1630570,Trendon Watford,Trendon,1610612755,PHI,25.0,21,12,9,0.571,15.9,2.8,5.4,0.522,0.0,1.0,0.0,1.4,1.6,0.853,0.6,2.5,3.1,2.2,1.3,0.3,0.6,0.4,2.0,1.8,7.0,-3.8,15.5,0,0,14.1,17.3,199,158,188,244,358,307,328,118,450,410,450,214,242,145,317,251,270,199,176,399,131,207,187,177,322,395,333,200,23,343,317,1
1630286,Trevon Scott,Trevon,1610612751,BKN,29.0,6,2,4,0.333,30.4,3.2,8.3,0.38,1.0,3.2,0.316,0.7,1.0,0.667,1.7,3.5,5.2,1.7,0.7,1.3,0.8,0.5,2.0,1.0,8.0,-10.8,22.5,0,0,20.2,23.0,444,433,368,360,73,268,198,447,250,237,310,353,337,387,82,146,112,266,356,54,77,161,187,328,289,513,191,200,23,228,210,1
1631211,Trevor Keels,Trevor,1610612748,MIA,22.0,8,6,2,0.75,1.9,0.4,1.5,0.25,0.3,1.1,0.222,0.0,0.0,0.0,0.0,0.3,0.3,0.0,0.0,0.1,0.0,0.0,0.0,0.0,1.0,0.6,1.7,0,0,1.8,1.6,418,279,438,83,525,509,495,511,406,404,416,497,501,497,496,515,516,519,507,480,447,463,517,508,511,219,520,200,23,519,522,1
1641725,Trey Alexander,Trey,1610612740,NOP,23.0,4,1,3,0.25,17.3,3.3,7.0,0.464,1.0,2.3,0.444,0.8,1.3,0.6,0.3,1.5,1.8,1.0,0.5,1.3,0.3,0.0,2.3,1.3,8.3,-4.5,15.9,0,0,15.0,16.5,478,472,405,408,338,259,256,264,250,311,47,339,305,427,445,381,411,375,400,65,288,463,130,277,282,409,325,200,23,326,330,1
1641998,Trey Jemison III,Trey,1610612752,NYK,26.0,3,2,1,0.667,8.3,0.7,1.0,0.667,0.0,0.0,0.0,0.0,0.0,0.0,0.3,0.7,1.0,1.0,1.7,0.0,0.0,0.0,1.3,0.0,1.3,-4.7,2.4,0,0,3.3,4.3,494,433,474,155,460,487,510,21,450,489,450,497,501,497,397,479,474,375,114,494,447,463,355,508,502,413,515,200,23,507,498,1
1630530,Trey Murphy III,Trey,1610612740,NOP,26.0,14,6,8,0.429,34.8,6.4,14.4,0.446,3.3,8.6,0.383,3.2,3.7,0.865,0.6,5.1,5.7,3.6,1.8,1.5,0.6,0.1,2.0,3.0,19.4,1.5,36.1,0,0,36.1,38.6,331,279,235,333,13,63,44,319,14,10,166,58,70,122,317,46,82,98,105,39,131,446,187,69,49,172,42,200,23,35,45,1
1642400,Tristan Enaruna,Tristan,1610612739,CLE,25.0,6,5,1,0.833,11.8,1.8,3.7,0.5,0.5,1.5,0.333,1.0,1.3,0.75,0.3,1.0,1.3,0.8,0.5,0.8,0.0,0.3,0.5,1.2,5.2,5.0,10.0,0,0,9.5,10.7,444,311,474,43,418,383,399,158,356,365,261,269,283,293,397,434,445,415,400,188,447,266,477,300,383,61,411,200,23,416,412,1
1641774,Tristan Vukcevic,Tristan,1610612764,WAS,23.0,16,2,14,0.125,17.3,4.1,8.3,0.496,1.9,4.4,0.423,1.9,2.3,0.811,0.8,3.4,4.1,1.2,1.5,0.8,0.6,0.4,2.4,1.7,12.0,-5.4,21.5,1,0,22.1,22.8,298,433,78,478,336,179,200,185,99,145,87,151,160,209,256,161,193,349,138,205,113,243,100,193,155,431,209,106,23,177,214,1
1641783,Tristan da Silva,Tristan,1610612753,ORL,25.0,29,17,12,0.586,28.5,4.3,8.9,0.482,1.8,4.6,0.386,1.8,2.0,0.912,0.9,3.5,4.4,2.3,1.0,0.9,0.4,0.3,1.9,1.5,12.1,3.9,23.9,0,0,23.3,25.2,1,61,108,231,114,167,177,213,114,139,163,163,200,68,218,145,169,193,237,149,182,265,222,227,149,90,169,200,23,161,180,1
1641803,Tristen Newton,Tristen,1610612745,HOU,25.0,1,1,0,1.0,12.0,4.0,9.0,0.444,2.0,5.0,0.4,2.0,3.0,0.667,2.0,1.0,3.0,0.0,0.0,1.0,0.0,1.0,0.0,3.0,12.0,2.0,18.6,0,0,19.0,18.0,519,472,513,1,414,189,175,325,88,104,131,136,102,387,53,434,285,519,507,112,447,27,517,69,155,151,276,200,23,250,304,1
1629660,Ty Jerome,Ty,1610612763,MEM,28.0,9,1,8,0.111,24.1,7.1,16.0,0.444,3.1,7.2,0.431,2.3,2.6,0.913,0.9,2.3,3.2,5.4,1.9,1.0,0.2,0.7,2.0,1.9,19.7,-6.8,33.5,0,0,33.9,37.4,407,472,235,486,206,43,29,325,17,31,71,97,138,67,221,276,261,38,88,112,304,98,187,162,44,461,57,200,23,53,51,1
1631102,TyTy Washington Jr.,TyTy,1610612746,LAC,24.0,11,6,5,0.545,4.4,0.2,0.6,0.286,0.0,0.2,0.0,0.0,0.0,0.0,0.0,0.4,0.4,0.7,0.2,0.2,0.1,0.1,0.5,0.2,0.4,-2.6,2.5,0,0,2.0,3.0,370,279,336,268,507,519,521,504,450,473,450,497,501,497,496,511,513,433,497,464,420,435,487,495,521,347,512,200,23,516,512,1
1631174,Tyler Burton,Tyler,1610612763,MEM,26.0,12,2,10,0.167,25.6,3.5,9.3,0.375,1.8,5.5,0.333,1.9,2.3,0.852,0.7,3.5,4.2,1.0,0.9,0.9,0.3,0.6,2.6,1.8,10.8,-12.1,20.1,0,0,20.3,20.7,360,433,162,457,167,234,162,454,104,81,261,148,165,146,286,146,189,375,276,157,219,135,64,185,197,520,244,200,23,224,261,1
1629639,Tyler Herro,Tyler,1610612748,MIA,26.0,22,10,12,0.455,31.1,7.1,15.2,0.47,2.7,7.0,0.387,2.8,3.0,0.925,0.4,4.5,4.8,4.8,2.1,0.5,0.3,0.7,1.8,2.5,19.8,0.0,33.3,0,0,33.9,36.9,170,192,108,321,61,42,35,249,31,34,160,73,101,57,392,73,135,55,66,311,241,95,240,112,42,249,58,200,23,52,58,1
1642278,Tyler Kolek,Tyler,1610612752,NYK,25.0,14,10,4,0.714,6.5,1.1,2.0,0.536,0.6,1.1,0.533,0.1,0.1,1.0,0.1,0.5,0.6,2.1,0.3,0.2,0.1,0.1,0.3,0.3,2.9,2.1,7.3,0,0,6.7,8.5,331,192,368,114,484,452,471,101,346,408,14,484,495,1,481,498,504,214,470,454,431,446,502,479,458,144,453,200,23,455,446,1
1641890,Tyler Smith,Tyler,1610612742,DAL,21.0,12,2,10,0.167,13.8,1.8,4.2,0.42,0.8,2.9,0.286,0.3,0.5,0.667,1.0,1.8,2.8,0.4,0.5,0.5,0.0,0.2,1.1,0.3,4.7,-1.8,9.6,0,0,9.7,9.8,360,433,162,457,382,394,381,378,297,261,359,443,436,387,183,349,318,480,400,324,447,395,394,467,398,324,417,200,23,413,424,1
1631213,Tyrese Martin,Tyrese,1610612755,PHI,27.0,9,4,5,0.444,9.0,1.0,2.4,0.409,0.2,1.4,0.154,0.0,0.2,0.0,0.2,0.9,1.1,1.0,0.8,0.3,0.2,0.0,0.3,0.2,2.2,-0.1,5.9,0,0,5.7,7.0,407,337,336,323,451,456,455,402,413,374,442,497,483,497,457,455,469,375,323,399,304,463,496,492,479,252,469,200,23,470,460,1
1630178,Tyrese Maxey,Tyrese,1610612755,PHI,25.0,18,9,9,0.5,36.3,9.4,21.3,0.443,2.6,7.8,0.329,5.1,5.6,0.901,0.6,3.7,4.2,6.1,2.5,1.6,0.8,1.3,1.8,3.9,26.5,0.9,45.4,1,0,44.2,50.1,268,221,188,294,2,8,3,333,42,19,287,21,28,73,322,134,184,25,34,30,77,9,235,37,9,204,9,106,23,7,8,1
1642878,Tyrese Proctor,Tyrese,1610612739,CLE,22.0,11,7,4,0.636,12.8,2.5,5.1,0.482,0.9,2.5,0.357,1.5,1.6,0.944,0.5,1.6,2.1,1.9,1.3,0.9,0.0,0.2,1.4,1.2,7.4,3.0,14.2,1,0,14.1,16.0,370,256,368,196,403,334,340,214,285,297,212,191,238,51,361,363,380,234,192,161,447,384,351,295,313,115,350,106,23,345,337,1
1630623,Tyson Etienne,Tyson,1610612751,BKN,26.0,16,4,12,0.25,21.6,3.4,8.1,0.415,2.4,5.9,0.411,1.9,2.3,0.833,0.3,1.4,1.7,2.4,0.9,0.7,0.0,0.3,2.6,1.6,11.1,-7.7,17.9,0,0,19.0,19.7,298,337,108,408,251,246,208,389,50,68,108,151,165,172,419,401,415,182,267,259,447,327,54,221,184,479,285,200,23,250,276,1
1626145,Tyus Jones,Tyus,1610612743,DEN,30.0,16,12,4,0.75,10.9,1.1,3.1,0.367,0.6,1.7,0.333,0.1,0.2,0.333,0.2,1.1,1.3,1.9,0.6,0.1,0.0,0.1,0.2,0.1,2.9,0.1,7.1,0,0,6.9,8.3,298,158,368,83,433,448,425,466,349,351,261,496,489,488,469,424,452,236,392,480,447,451,511,504,457,242,455,200,23,452,449,2
1642845,VJ Edgecombe,VJ,1610612755,PHI,20.0,25,14,11,0.56,34.2,7.0,15.1,0.464,2.0,5.5,0.358,2.2,2.6,0.875,1.6,4.5,6.1,4.4,1.8,1.3,0.6,0.6,2.5,2.0,18.2,0.8,35.9,4,0,34.4,38.7,81,120,138,259,15,46,38,266,94,84,210,107,137,103,85,70,73,65,95,56,136,111,76,141,56,207,43,41,23,46,44,1
1641705,Victor Wembanyama,Victor,1610612759,SAS,22.0,24,22,2,0.917,29.3,9.1,17.8,0.514,2.0,6.2,0.329,5.7,6.7,0.856,2.2,10.0,12.2,3.7,2.1,1.2,3.8,0.6,2.0,6.1,26.0,15.7,59.0,17,0,53.9,60.5,107,5,438,20,91,12,19,134,85,56,285,14,16,143,43,2,3,94,72,85,1,117,187,8,12,1,3,3,23,3,3,1
1631246,Vince Williams Jr.,Vince,1610612762,UTA,25.0,2,0,2,0.0,15.3,1.0,5.5,0.182,1.0,4.0,0.25,1.0,2.0,0.5,0.5,2.5,3.0,2.5,1.5,0.5,0.0,1.0,2.0,1.0,4.0,-7.0,11.4,0,0,11.5,13.5,508,510,438,510,366,456,322,517,250,174,395,269,186,459,336,254,285,177,138,324,447,27,187,328,420,467,393,200,23,384,372,1
1642884,Vladislav Goldin,Vladislav,1610612748,MIA,25.0,7,4,3,0.571,2.2,0.1,0.3,0.5,0.0,0.0,0.0,0.1,0.1,1.0,0.4,0.7,1.1,0.1,0.4,0.0,0.3,0.0,0.3,0.1,0.4,1.0,2.4,0,0,2.3,2.7,429,337,405,244,524,520,524,158,450,489,450,484,495,1,368,476,465,514,430,494,266,463,502,501,520,197,513,200,23,514,514,1
1630249,Vít Krejčí,Vít,1610612757,POR,26.0,13,6,7,0.462,18.0,2.1,5.6,0.37,1.2,4.2,0.291,0.5,0.8,0.7,0.6,2.5,3.1,1.5,0.7,0.4,0.2,0.2,1.5,0.8,5.9,-0.1,12.8,0,0,12.8,13.7,345,279,267,319,326,370,317,464,221,159,355,390,389,358,306,259,273,282,351,382,365,406,323,378,355,250,371,200,23,364,370,1
1642383,Walter Clayton Jr.,Walter,1610612763,MEM,23.0,22,4,18,0.182,25.0,3.0,8.5,0.36,1.4,4.2,0.323,2.2,2.6,0.86,0.5,1.5,2.0,5.7,2.5,0.7,0.3,0.7,1.7,2.2,9.7,-7.1,21.3,1,0,20.8,26.2,170,337,30,447,184,279,194,476,187,160,296,109,134,131,361,376,389,34,42,235,241,95,257,129,234,469,219,106,23,212,163,1
1628976,Wendell Carter Jr.,Wendell,1610612753,ORL,27.0,27,16,11,0.593,29.0,4.3,7.8,0.552,0.6,2.0,0.278,3.1,3.9,0.79,2.0,5.5,7.5,1.8,1.4,0.7,0.5,0.6,3.1,3.1,12.2,2.7,26.1,6,0,24.5,26.9,27,82,138,227,103,165,222,85,350,327,377,64,65,240,53,34,39,253,158,250,153,131,14,63,145,122,133,26,23,140,151,1
1631111,Wendell Moore Jr.,Wendell,1610612765,DET,24.0,1,1,0,1.0,5.1,0.0,0.0,0.0,0.0,0.0,0.0,0.0,0.0,0.0,0.0,0.0,0.0,1.0,0.0,0.0,0.0,0.0,2.0,0.0,0.0,-1.0,1.5,0,0,1.0,2.0,519,472,513,1,500,522,525,522,450,489,450,497,501,497,496,518,518,375,507,494,447,463,187,508,523,292,522,200,23,523,518,1
1642954,Will Richard,Will,1610612744,GSW,23.0,20,6,14,0.3,22.0,2.3,5.0,0.465,0.9,2.9,0.293,0.5,0.5,1.0,1.0,1.6,2.6,1.3,0.6,1.2,0.2,0.2,2.1,0.7,5.9,-6.2,14.4,0,0,13.3,15.1,228,279,78,381,245,350,348,263,294,262,348,416,455,1,210,368,333,323,381,89,327,407,182,392,357,447,345,200,23,360,351,1
1642860,Will Riley,Will,1610612764,WAS,20.0,29,3,26,0.103,30.5,5.4,11.9,0.459,1.4,4.7,0.307,3.2,3.9,0.816,0.7,3.1,3.8,2.8,1.9,0.9,0.1,0.4,1.8,2.9,15.6,-9.0,25.7,2,0,25.8,28.2,1,387,1,491,70,96,92,284,169,124,328,59,63,203,278,181,216,148,92,149,383,242,247,80,89,493,138,71,23,120,130,1
1630214,Xavier Tillman,Xavier,1610612766,CHA,27.0,15,11,4,0.733,4.8,0.4,1.0,0.4,0.0,0.2,0.0,0.1,0.3,0.25,0.6,0.6,1.2,0.5,0.2,0.2,0.2,0.1,0.4,0.3,0.9,0.7,4.1,0,0,3.4,4.3,313,177,368,105,504,507,510,418,450,469,450,495,478,492,310,491,461,465,489,455,327,448,490,484,513,213,497,200,23,504,498,1
1642905,Yang Hansen,Yang,1610612757,POR,21.0,9,6,3,0.667,5.0,0.7,1.8,0.375,0.0,0.6,0.0,1.0,1.6,0.643,0.4,0.9,1.3,0.1,0.3,0.0,0.2,0.0,0.3,1.2,2.3,-3.0,4.4,0,0,4.2,4.6,407,279,405,155,501,487,487,454,450,448,450,269,247,411,364,455,445,517,451,494,304,463,496,282,475,361,492,200,23,492,496,1
1642949,Yanic Konan Niederhäuser,Yanic Konan,1610612746,LAC,23.0,7,4,3,0.571,16.8,2.3,4.1,0.552,0.1,0.3,0.5,2.6,2.7,0.947,1.1,4.3,5.4,0.3,0.6,0.4,1.6,0.4,2.9,2.1,7.3,4.9,19.7,0,0,17.1,19.3,429,337,405,244,344,351,383,87,433,461,15,86,119,50,158,85,95,501,389,358,10,207,28,134,316,66,252,200,23,290,283,1
1642530,Yuki Kawamura,Yuki,1610612741,CHI,25.0,14,5,9,0.357,9.5,0.9,2.5,0.343,0.5,1.7,0.292,0.8,0.9,0.846,0.3,0.9,1.2,1.8,0.7,0.3,0.0,0.0,0.8,0.8,3.0,1.0,7.3,0,0,7.1,8.6,331,311,188,356,446,471,453,484,356,348,352,335,357,151,432,452,460,251,345,426,447,463,444,374,450,197,454,200,23,449,443,1
1642274,Yves Missi,Yves,1610612740,NOP,22.0,19,7,12,0.368,20.5,2.5,4.4,0.56,0.0,0.0,0.0,1.1,1.9,0.541,2.4,3.9,6.3,1.4,0.9,0.3,1.9,0.4,1.7,1.4,6.0,-2.8,21.4,2,0,18.2,21.8,244,256,108,352,277,332,367,76,450,489,450,265,202,455,33,114,64,303,263,431,3,216,264,260,350,353,213,71,23,272,235,1
1642258,Zaccharie Risacher,Zaccharie,1610612737,ATL,21.0,25,20,5,0.8,19.4,2.9,6.1,0.471,1.2,3.0,0.408,0.9,1.3,0.719,1.4,3.1,4.5,0.8,0.7,0.8,0.6,0.4,2.2,1.2,7.9,1.2,18.0,0,0,17.2,18.2,81,15,336,57,296,301,296,247,217,249,112,308,298,337,112,190,161,423,343,186,136,254,141,305,296,190,284,200,23,289,300,1
1630192,Zeke Nnaji,Zeke,1610612743,DEN,25.0,13,11,2,0.846,9.7,0.8,2.2,0.393,0.2,1.1,0.214,0.1,0.3,0.25,0.3,1.8,2.2,0.6,0.5,0.3,0.3,0.1,1.5,0.2,2.0,-0.8,6.9,0,0,6.2,7.2,345,177,438,39,444,472,467,431,412,407,422,494,473,492,422,339,373,453,424,418,252,445,323,500,483,285,456,200,23,460,458,1
1630533,Ziaire Williams,Ziaire,1610612751,BKN,24.0,18,2,16,0.111,22.7,3.6,8.1,0.441,1.3,3.1,0.411,2.9,3.4,0.839,0.5,1.4,1.9,1.6,1.1,1.7,0.1,0.6,2.1,3.0,11.3,-6.3,20.3,0,0,19.7,21.8,268,433,50,486,235,232,213,335,206,244,107,71,80,164,336,394,401,269,226,16,398,123,168,69,177,451,237,200,23,236,236,1
1629627,Zion Williamson,Zion,1610612740,NOP,25.0,22,10,12,0.455,29.7,7.5,11.8,0.633,0.0,0.0,1.0,5.0,6.8,0.727,1.6,3.4,5.0,2.7,1.5,1.0,0.5,1.5,2.1,4.8,19.9,2.2,32.6,1,0,30.4,34.5,170,192,108,321,86,32,94,40,447,486,1,23,13,330,91,162,126,165,132,145,172,5,162,20,40,140,64,106,23,77,71,1
1642389,Zyon Pullin,Zyon,1610612750,MIN,25.0,5,4,1,0.8,8.5,1.8,2.6,0.692,0.2,0.6,0.333,0.8,0.8,1.0,0.2,0.4,0.6,1.8,0.6,0.2,0.0,0.4,1.2,0.4,4.6,1.2,8.0,0,0,7.6,9.4,463,337,474,57,455,388,450,14,418,444,261,330,380,1,463,506,506,247,381,455,447,223,377,451,400,188,443,200,23,442,431,1
